ProfileID,ploidy,arms_callable,aneuploidy_score,ModelID,StrippedCellLineName,OncotreeLineage,OncotreePrimaryDisease
PR-04VvBz,2.0,39,0,ACH-001289,COGAR359,CNS/Brain,Embryonal Tumor
PR-09S1KU,3.0,39,17,ACH-002269,LNZTA3WT4,CNS/Brain,Diffuse Glioma
PR-0DEQ8n,2.0,39,7,ACH-000715,SNU1214,Head and Neck,Head and Neck Squamous Cell Carcinoma
PR-0EypNA,3.0,41,20,ACH-000730,SKMEL5,Skin,Melanoma
PR-0H05VY,2.0,41,1,ACH-000077,MJ,Lymphoid,Non-Hodgkin Lymphoma
PR-0HbjBS,2.0,39,0,ACH-001182,RPMI6666,Lymphoid,B-Lymphoblastic Leukemia/Lymphoma
PR-0XQ6oe,3.0,39,18,ACH-002121,GMEL,Skin,Melanoma
PR-0fBntb,2.0,39,9,ACH-000027,GOS3,CNS/Brain,Diffuse Glioma
PR-0kBhJF,2.0,42,1,ACH-001818,C396,Bone,Osteosarcoma
PR-0l1GM0,2.0,39,5,ACH-002254,KARPAS1106P,Lymphoid,Mature B-Cell Neoplasms
PR-0lYTUJ,3.0,42,22,ACH-000463,NCIH460,Lung,Non-Small Cell Lung Cancer
PR-0ndQ3C,2.0,39,9,ACH-000321,MOLM6,Myeloid,Myeloproliferative Neoplasms
PR-0o6ywu,2.0,39,15,ACH-001383,PWR1E,Prostate,Non-Cancerous
PR-0p3nvU,2.0,39,14,ACH-000701,RMUGS,Ovary/Fallopian Tube,Ovarian Epithelial Tumor
PR-0qqA8m,3.0,42,23,ACH-000530,DMS114,Lung,SMARCA4-deficient undifferentiated tumor
PR-0sYHco,3.0,41,25,ACH-002042,T3M5,Head and Neck,Head and Neck Squamous Cell Carcinoma
PR-0tdcT8,3.0,39,16,ACH-000815,KMH2,Lymphoid,Hodgkin Lymphoma
PR-0wkCvS,2.0,41,31,ACH-002015,MEL285,Eye,Ocular Melanoma
PR-0yCTLT,4.0,39,18,ACH-001172,U251MGDM,CNS/Brain,Diffuse Glioma
PR-10vZ6j,3.0,39,17,ACH-000753,JMSU1,Bladder/Urinary Tract,Bladder Urothelial Carcinoma
PR-11LrS9,3.0,39,18,ACH-000802,BFTC905,Bladder/Urinary Tract,Bladder Urothelial Carcinoma
PR-11UHTI,4.0,41,32,ACH-001953,MAMEL27,Skin,Melanoma
PR-12SQGk,4.0,39,19,ACH-000558,A172,CNS/Brain,Diffuse Glioma
PR-14sBTC,4.0,39,12,ACH-000434,NCIH1915,Lung,Non-Small Cell Lung Cancer
PR-1930g1,3.0,39,26,ACH-000563,EBC1,Lung,Non-Small Cell Lung Cancer
PR-1CYINn,3.0,41,16,ACH-000486,KU1919,Bladder/Urinary Tract,Bladder Urothelial Carcinoma
PR-1DMQEW,4.0,42,28,ACH-000673,LN443,CNS/Brain,Diffuse Glioma
PR-1Ju43a,2.0,41,14,ACH-000082,G292CLONEA141B1,Bone,Osteosarcoma
PR-1KE6K3,3.0,41,23,ACH-000819,LN18,CNS/Brain,Diffuse Glioma
PR-1KtKNh,2.0,39,2,ACH-000942,HPBALL,Lymphoid,T-Lymphoblastic Leukemia/Lymphoma
PR-1NGHoM,4.0,39,23,ACH-002409,CCLFNEURO0006T,CNS/Brain,Diffuse Glioma
PR-1P0pL3,2.0,39,6,ACH-002368,NCIBL2087,Lymphoid,Non-Cancerous
PR-1Zkz62,1.0,41,21,ACH-002499,UACC3199,Breast,Invasive Breast Carcinoma
PR-1ah9FQ,3.0,41,26,ACH-000508,CORL88,Lung,Lung Neuroendocrine Tumor
PR-1dX3q2,3.0,39,23,ACH-000723,YD10B,Head and Neck,Head and Neck Squamous Cell Carcinoma
PR-1fyy3l,2.0,39,0,ACH-002364,NCIBL1437,Lymphoid,Non-Cancerous
PR-1ip1tY,3.0,39,18,ACH-002141,HSC39,Esophagus/Stomach,Esophagogastric Adenocarcinoma
PR-1p5gBP,2.0,39,0,ACH-002356,LB647PBL,Lymphoid,Non-Cancerous
PR-1q68oG,3.0,39,18,ACH-002400,21MT1,Breast,Invasive Breast Carcinoma
PR-1tFrLv,2.0,39,3,ACH-001205,TC32,Bone,Ewing Sarcoma
PR-1xuv37,4.0,39,19,ACH-001417,UMC11,Lung,Lung Neuroendocrine Tumor
PR-1z1P4o,2.0,39,2,ACH-000203,NH6,Peripheral Nervous System,Neuroblastoma
PR-2056gD,3.0,39,26,ACH-000789,NCIH810,Lung,Non-Small Cell Lung Cancer
PR-20INxP,3.0,39,17,ACH-002206,WM278,Skin,Melanoma
PR-20Kvag,2.0,39,17,ACH-002314,TUR,Myeloid,Acute Myeloid Leukemia
PR-240v4w,2.0,41,1,ACH-000054,HT1080,Soft Tissue,Fibrosarcoma
PR-24B4W0,3.0,42,25,ACH-001508,H314,Head and Neck,Head and Neck Squamous Cell Carcinoma
PR-27KADa,4.0,39,28,ACH-002156,LC1SQ,Lung,Non-Small Cell Lung Cancer
PR-28WsnQ,3.0,42,25,ACH-000858,KNS62,Lung,Non-Small Cell Lung Cancer
PR-2AxAKM,3.0,41,30,ACH-000725,HCC202,Breast,Breast Ductal Carcinoma In Situ
PR-2BGNxT,2.0,39,0,ACH-002351,L542,Normal,Non-Cancerous
PR-2KTJS4,4.0,42,25,ACH-001306,8305C,Thyroid,Anaplastic Thyroid Cancer
PR-2Rohed,2.0,39,2,ACH-002275,MN60,Lymphoid,Mature B-Cell Neoplasms
PR-2UB6KF,2.0,41,10,ACH-001100,KHYG1,Lymphoid,T-Lymphoblastic Leukemia/Lymphoma
PR-2ae0kb,2.0,41,14,ACH-001694,UPCISCC074,Head and Neck,Head and Neck Squamous Cell Carcinoma
PR-2eSD2x,2.0,39,20,ACH-001066,EWS834,Bone,Ewing Sarcoma
PR-2f2JlB,2.0,41,1,ACH-002676,TK6,Myeloid,Myeloproliferative Neoplasms
PR-2guO1R,2.0,41,12,ACH-000898,SNU719,Esophagus/Stomach,Esophagogastric Adenocarcinoma
PR-2kNtFF,2.0,42,15,ACH-000867,CHAGOK1,Lung,Non-Small Cell Lung Cancer
PR-2tdb7F,2.0,39,3,ACH-000130,NALM19,Lymphoid,B-Lymphoblastic Leukemia/Lymphoma
PR-2tnlh5,2.0,41,2,ACH-003101,Z119,Lymphoid,B-Lymphoblastic Leukemia/Lymphoma
PR-2uDYZY,4.0,41,21,ACH-000335,MSTO211H,Pleura,Pleural Mesothelioma
PR-2vKf8J,2.0,39,12,ACH-000441,SH4,Skin,Melanoma
PR-2zNA9s,2.0,39,2,ACH-002252,JIYOYEP2003,Lymphoid,Mature B-Cell Neoplasms
PR-31jRAf,2.0,39,0,ACH-000531,RS5,Fibroblast,Non-Cancerous
PR-34luyw,3.0,41,26,ACH-000231,KALS1,CNS/Brain,Diffuse Glioma
PR-35nh9T,2.0,39,4,ACH-002300,RAMOS2G64C10,Lymphoid,Mature B-Cell Neoplasms
PR-37acac,5.0,41,29,ACH-000734,JHH5,Liver,Hepatocellular Carcinoma
PR-39ipKV,4.0,39,15,ACH-000372,P12ICHIKAWA,Lymphoid,T-Lymphoblastic Leukemia/Lymphoma
PR-39zHGy,3.0,39,22,ACH-000442,RERFLCSQ1,Lung,Non-Small Cell Lung Cancer
PR-3BkIqE,2.0,39,9,ACH-001356,MB1,Thyroid,Anaplastic Thyroid Cancer
PR-3DdR8v,2.0,41,19,ACH-003061,NCIH774,Lung,Lung Neuroendocrine Tumor
PR-3HObZr,2.0,41,9,ACH-001421,WERIRB1,Eye,Retinoblastoma
PR-3Id9kv,3.0,39,22,ACH-000535,BXPC3,Pancreas,Pancreatic Adenocarcinoma
PR-3L6oOj,2.0,39,11,ACH-001516,HCSC1,Cervix,Cervical Adenocarcinoma
PR-3MR99B,2.0,39,6,ACH-000498,KO52,Myeloid,Acute Myeloid Leukemia
PR-3PJVFB,2.0,41,6,ACH-002283,NB5,Peripheral Nervous System,Neuroblastoma
PR-3aWe62,5.0,39,26,ACH-000951,NCIH2342,Lung,Non-Small Cell Lung Cancer
PR-3b1cgr,3.0,39,18,ACH-002287,NCIH630,Bowel,Colorectal Adenocarcinoma
PR-3cEXAx,4.0,42,21,ACH-000667,HCC44,Lung,Non-Small Cell Lung Cancer
PR-3fpunT,2.0,41,2,ACH-000101,KE37,Lymphoid,Mature T and NK Neoplasms
PR-3hCsGH,3.0,41,26,ACH-000696,OVCAR8,Ovary/Fallopian Tube,Ovarian Epithelial Tumor
PR-3hoqtV,2.0,39,2,ACH-001282,CHLA258,Bone,Ewing Sarcoma
PR-3lR3Kt,3.0,39,21,ACH-000684,KMRC1,Kidney,Renal Cell Carcinoma
PR-3lYZxw,2.0,39,2,ACH-001391,SUM159PT,Breast,Invasive Breast Carcinoma
PR-3m6kCG,4.0,39,19,ACH-001208,TK10,Kidney,Renal Cell Carcinoma
PR-3rmupJ,3.0,39,20,ACH-001458,C75,Bowel,Colorectal Adenocarcinoma
PR-3sPq2a,3.0,39,14,ACH-000213,HUPT4,Pancreas,Pancreatic Adenocarcinoma
PR-3vjLBF,2.0,39,0,ACH-001369,OCIC5X,Ovary/Fallopian Tube,Ovarian Epithelial Tumor
PR-3x4RI2,3.0,39,18,ACH-001453,BPH1,Prostate,Non-Cancerous
PR-3yujxl,2.0,39,4,ACH-000241,JK1,Myeloid,Myeloproliferative Neoplasms
PR-3zSvim,4.0,39,22,ACH-000102,GMS10,CNS/Brain,Diffuse Glioma
PR-41uIUA,2.0,39,8,ACH-000362,MOLM13,Myeloid,Acute Myeloid Leukemia
PR-43Hong,3.0,41,26,ACH-000288,BT549,Breast,Invasive Breast Carcinoma
PR-452U9P,4.0,39,22,ACH-000502,TCCPAN2,Pancreas,Pancreatic Adenocarcinoma
PR-45qihg,3.0,41,27,ACH-000694,TE9,Esophagus/Stomach,Esophageal Squamous Cell Carcinoma
PR-4EPjPy,4.0,39,26,ACH-000407,SNU685,Uterus,Endometrial Carcinoma
PR-4FG12g,3.0,41,17,ACH-000261,RERFLCAI,Lung,Non-Small Cell Lung Cancer
PR-4Guo7R,3.0,42,24,ACH-000929,NCIH2110,Lung,Non-Small Cell Lung Cancer
PR-4IHwlo,4.0,39,13,ACH-000990,HEC108,Uterus,Endometrial Carcinoma
PR-4U6ZhH,3.0,42,28,ACH-002036,WAHT,Lung,Lung Neuroendocrine Tumor
PR-4VyVNa,2.0,41,6,ACH-002946,UKE1,Myeloid,Acute Myeloid Leukemia
PR-4a3lMb,2.0,39,2,ACH-000925,DV90,Lung,Non-Small Cell Lung Cancer
PR-4ceSCX,3.0,39,19,ACH-000543,SNU489,CNS/Brain,Diffuse Glioma
PR-4epcq5,4.0,39,24,ACH-000825,HOP92,Lung,Non-Small Cell Lung Cancer
PR-4jA3sP,2.0,41,0,ACH-000997,HCT15,Bowel,Colorectal Adenocarcinoma
PR-4kmLyj,4.0,42,25,ACH-000246,SLR23,Kidney,Renal Cell Carcinoma
PR-4oRDiG,2.0,39,18,ACH-000480,HUH7,Liver,Hepatocellular Carcinoma
PR-4uNl0E,2.0,39,6,ACH-003471,CCLFTHYR0006T,Thyroid,Well-Differentiated Thyroid Cancer
PR-4vbVP3,3.0,39,17,ACH-001364,NCIH345,Lung,Lung Neuroendocrine Tumor
PR-4wqcKJ,3.0,39,15,ACH-001606,NO11,CNS/Brain,Diffuse Glioma
PR-53yu7G,3.0,42,16,ACH-000036,U343,CNS/Brain,Diffuse Glioma
PR-562g0G,4.0,39,24,ACH-000040,U118MG,CNS/Brain,Diffuse Glioma
PR-57besX,3.0,41,25,ACH-000216,JHESOAD1,Esophagus/Stomach,Esophagogastric Adenocarcinoma
PR-5Aegb2,4.0,39,15,ACH-002168,NCC021,Kidney,Renal Cell Carcinoma
PR-5EAjfk,4.0,41,27,ACH-001001,143B,Bone,Osteosarcoma
PR-5IWcSG,2.0,39,13,ACH-000446,KPNSI9S,Peripheral Nervous System,Neuroblastoma
PR-5KV6hR,3.0,39,21,ACH-001555,MERO14,Pleura,Pleural Mesothelioma
PR-5MNsLN,2.0,41,0,ACH-002034,T3M11,Lung,Non-Small Cell Lung Cancer
PR-5McWUB,4.0,41,26,ACH-002662,JVE207,Bowel,Colorectal Adenocarcinoma
PR-5NFOUr,3.0,42,22,ACH-000784,KYSE70,Esophagus/Stomach,Esophageal Squamous Cell Carcinoma
PR-5W465g,3.0,39,19,ACH-002298,PCI6A,Head and Neck,Head and Neck Squamous Cell Carcinoma
PR-5WO99r,3.0,39,20,ACH-002285,NB7,Peripheral Nervous System,Neuroblastoma
PR-5bw8Sw,2.0,41,1,ACH-001099,KD,Soft Tissue,Rhabdoid Cancer
PR-5cxr4t,2.0,39,2,ACH-000745,MOLP8,Lymphoid,Mature B-Cell Neoplasms
PR-5ecI84,4.0,39,20,ACH-002231,D566MG,CNS/Brain,Diffuse Glioma
PR-5eybX8,3.0,39,26,ACH-000893,NCIH1651,Lung,Non-Small Cell Lung Cancer
PR-5gX5yv,4.0,41,29,ACH-000781,NCIH2023,Lung,Non-Small Cell Lung Cancer
PR-5n4TMD,2.0,39,9,ACH-003470,CCLFTHYR0005T,Thyroid,Anaplastic Thyroid Cancer
PR-5rHKiV,3.0,39,25,ACH-002090,BB65RCC,Kidney,Renal Cell Carcinoma
PR-5rISRc,2.0,39,8,ACH-000006,MONOMAC6,Myeloid,Acute Myeloid Leukemia
PR-5uZoTw,3.0,41,25,ACH-000008,A101D,Skin,Melanoma
PR-5vQHpI,2.0,39,4,ACH-001627,P4E6,Prostate,Non-Cancerous
PR-60G1Cd,2.0,39,17,ACH-000897,FTC238,Thyroid,Well-Differentiated Thyroid Cancer
PR-60ceNo,2.0,41,5,ACH-001275,OSA1777,Bone,Osteosarcoma
PR-64cwWG,5.0,39,29,ACH-002157,LC2AD,Lung,Non-Small Cell Lung Cancer
PR-65U3FP,2.0,39,11,ACH-000122,SUPT11,Lymphoid,Mature T and NK Neoplasms
PR-66Xefu,2.0,39,6,ACH-000289,SNU466,CNS/Brain,Diffuse Glioma
PR-67RLdg,3.0,39,25,ACH-003455,CCLFMELM0004T,Skin,Melanoma
PR-68uoMh,2.0,39,1,ACH-001550,MCC13,Skin,Merkel Cell Carcinoma
PR-6AvZgM,3.0,39,23,ACH-000141,SNU308,Biliary Tract,Intracholecystic Papillary Neoplasm
PR-6Bch6P,3.0,41,15,ACH-000265,KP4,Pancreas,Pancreatic Adenocarcinoma
PR-6BgR9L,2.0,41,4,ACH-002070,HKBMM,CNS/Brain,Meningothelial Tumor
PR-6DGBcP,3.0,39,24,ACH-002175,NCIH740,Lung,Lung Neuroendocrine Tumor
PR-6MK3Tx,4.0,41,31,ACH-000298,NCIH2029,Lung,Lung Neuroendocrine Tumor
PR-6SYPcz,3.0,41,15,ACH-000674,NUGC4,Esophagus/Stomach,Esophagogastric Adenocarcinoma
PR-6Sb7kf,4.0,41,17,ACH-002544,SNU1750,Esophagus/Stomach,Esophagogastric Adenocarcinoma
PR-6SyWYo,3.0,39,28,ACH-002181,OVCA420,Ovary/Fallopian Tube,Ovarian Epithelial Tumor
PR-6U5hLz,3.0,41,18,ACH-000750,LOXIMVI,Skin,Melanoma
PR-6Ybf3z,2.0,39,0,ACH-000938,NALM6,Lymphoid,B-Lymphoblastic Leukemia/Lymphoma
PR-6aWr47,2.0,39,0,ACH-000038,EHEB,Lymphoid,B-Lymphoblastic Leukemia/Lymphoma
PR-6cQSp2,3.0,39,25,ACH-000544,OE21,Esophagus/Stomach,Esophageal Squamous Cell Carcinoma
PR-6cgjNw,2.0,39,15,ACH-000461,SNU1196,Biliary Tract,Intraductal Papillary Neoplasm of the Bile Duct
PR-6d53X9,3.0,42,14,ACH-000364,U2OS,Bone,Osteosarcoma
PR-6hbj0G,2.0,39,1,ACH-000162,GA10,Lymphoid,Mature B-Cell Neoplasms
PR-6jnXO1,2.0,39,3,ACH-000124,OCILY19,Lymphoid,Mature B-Cell Neoplasms
PR-6pJTKH,2.0,40,4,ACH-001209,TOM1,Lymphoid,B-Lymphoblastic Leukemia/Lymphoma
PR-6qUWnX,3.0,39,21,ACH-001650,SISO,Cervix,Cervical Adenocarcinoma
PR-6xbU8h,2.0,39,0,ACH-002342,BB30PBL,Lymphoid,Non-Cancerous
PR-6yM2mu,3.0,39,26,ACH-000686,SNU878,Liver,Hepatocellular Carcinoma
PR-6yfakc,4.0,41,34,ACH-000871,NCIH510,Lung,Lung Neuroendocrine Tumor
PR-70d3re,3.0,39,20,ACH-000884,MDAMB435S,Skin,Melanoma
PR-711hbz,2.0,41,8,ACH-000304,WM115,Skin,Melanoma
PR-727ZKc,3.0,39,21,ACH-000638,NCIH441,Lung,Non-Small Cell Lung Cancer
PR-72Va7n,2.0,41,2,ACH-000914,HT,Lymphoid,Mature B-Cell Neoplasms
PR-72XNeT,4.0,39,25,ACH-001347,H157,Head and Neck,Head and Neck Squamous Cell Carcinoma
PR-72oXyh,4.0,39,15,ACH-002259,KNS81FD,CNS/Brain,Diffuse Glioma
PR-73LP4X,3.0,39,19,ACH-001402,SW756,Cervix,Cervical Squamous Cell Carcinoma
PR-74xMiY,3.0,39,19,ACH-000702,L1236,Lymphoid,Hodgkin Lymphoma
PR-75rvpO,3.0,42,22,ACH-000155,SW1990,Pancreas,Pancreatic Adenocarcinoma
PR-76UU6d,3.0,39,30,ACH-001853,KMCH1,Liver,Hepatocellular Carcinoma plus Intrahepatic Cholangiocarcinoma
PR-77Wvzz,3.0,39,15,ACH-000252,LS1034,Bowel,Colorectal Adenocarcinoma
PR-79Mqqq,3.0,41,21,ACH-001700,UPCISCC172,Head and Neck,Head and Neck Squamous Cell Carcinoma
PR-7AvMJR,4.0,39,20,ACH-001687,UMRC3,Kidney,Renal Cell Carcinoma
PR-7B1C9M,2.0,39,10,ACH-002101,EMCBAC1,Lung,Non-Small Cell Lung Cancer
PR-7BCUXr,3.0,39,14,ACH-000220,MINO,Lymphoid,Mature B-Cell Neoplasms
PR-7CTAVs,2.0,41,1,ACH-001519,HEMCSS,Bone,Chondrosarcoma
PR-7GcxlA,2.0,39,0,ACH-000119,HS863T,Fibroblast,Non-Cancerous
PR-7KmF9j,3.0,39,22,ACH-003475,CCLFHNSC0003T,Head and Neck,Head and Neck Squamous Cell Carcinoma
PR-7LaE1z,2.0,39,18,ACH-000344,SNU668,Esophagus/Stomach,Esophagogastric Adenocarcinoma
PR-7LkeqG,3.0,41,24,ACH-001982,NZM3,Skin,Melanoma
PR-7M6hyK,4.0,41,28,ACH-000587,NCIH1975,Lung,Non-Small Cell Lung Cancer
PR-7UuGkQ,4.0,39,18,ACH-002253,JSC1,Lymphoid,Mature B-Cell Neoplasms
PR-7W600z,3.0,39,20,ACH-000722,SNUC1,Bowel,Colorectal Adenocarcinoma
PR-7aZuj8,2.0,41,5,ACH-001828,HCC1739BL,Lymphoid,Non-Cancerous
PR-7bX1tr,2.0,42,17,ACH-002048,RMSYM,Soft Tissue,Rhabdomyosarcoma
PR-7eCkVg,2.0,39,10,ACH-001049,CPCN,Lung,Lung Neuroendocrine Tumor
PR-7hHZ69,4.0,39,22,ACH-002244,HO1N1,Head and Neck,Head and Neck Squamous Cell Carcinoma
PR-7mhpAP,4.0,41,32,ACH-002665,JVE367,Bowel,Gastrointestinal Neuroendocrine Tumors
PR-7n7fXy,2.0,39,4,ACH-000987,MEWO,Skin,Melanoma
PR-7nlItI,3.0,42,24,ACH-000142,CAL29,Bladder/Urinary Tract,Bladder Urothelial Carcinoma
PR-7tGhYX,2.0,39,10,ACH-000794,BICR22,Head and Neck,Head and Neck Squamous Cell Carcinoma
PR-7wM9aM,2.0,39,10,ACH-002166,MZ7MEL,Skin,Melanoma
PR-7wTlSr,2.0,42,17,ACH-000457,CAL54,Kidney,Renal Cell Carcinoma
PR-7wfZWS,4.0,41,33,ACH-000248,AU565,Breast,Invasive Breast Carcinoma
PR-7wqNkp,2.0,39,7,ACH-000908,SNU520,Esophagus/Stomach,Esophagogastric Adenocarcinoma
PR-81oclJ,2.0,39,1,ACH-000952,MDAPCA2B,Prostate,Prostate Adenocarcinoma
PR-84shel,2.0,41,8,ACH-000880,AGS,Esophagus/Stomach,Esophagogastric Adenocarcinoma
PR-86Rnag,2.0,39,0,ACH-001532,JMURTK2,Kidney,Rhabdoid Cancer
PR-882Px5,4.0,39,21,ACH-002058,ATN1,Lymphoid,Mature T and NK Neoplasms
PR-89HlYy,2.0,39,14,ACH-000285,TOLEDO,Lymphoid,Mature B-Cell Neoplasms
PR-8Br5s3,2.0,39,4,ACH-000329,CCFSTTG1,CNS/Brain,Diffuse Glioma
PR-8D5wB9,3.0,39,22,ACH-002305,SKN3,Head and Neck,Head and Neck Squamous Cell Carcinoma
PR-8E5B6f,3.0,39,19,ACH-002340,NBSUSSR,Peripheral Nervous System,Neuroblastoma
PR-8EE2ka,2.0,39,0,ACH-002247,IM9,Myeloid,Non-Cancerous
PR-8EgLQ4,2.0,39,7,ACH-000513,SNU1272,Kidney,Renal Cell Carcinoma
PR-8HSgmJ,2.0,42,5,ACH-000874,RS411,Lymphoid,B-Lymphoblastic Leukemia/Lymphoma
PR-8IdR56,3.0,41,29,ACH-003180,NRHUPS2,Soft Tissue,Undifferentiated Pleomorphic Sarcoma/Malignant Fibrous Histiocytoma/High-Grade Spindle Cell Sarcoma
PR-8QwR97,2.0,39,11,ACH-000626,U266B1,Lymphoid,Mature B-Cell Neoplasms
PR-8VeXZS,4.0,41,22,ACH-002039,PK8,Pancreas,Pancreatic Adenocarcinoma
PR-8XsYih,2.0,39,0,ACH-000184,HS343T,Fibroblast,Non-Cancerous
PR-8Yu9YJ,2.0,39,18,ACH-000190,HDMYZ,Myeloid,Acute Myeloid Leukemia
PR-8Yvnsj,3.0,41,26,ACH-000522,UMUC3,Bladder/Urinary Tract,Bladder Urothelial Carcinoma
PR-8Z4m6i,2.0,39,5,ACH-001656,SKNO1,Myeloid,Acute Myeloid Leukemia
PR-8hUBH6,4.0,41,26,ACH-002924,UPMM2,Eye,Ocular Melanoma
PR-8kT9dj,4.0,39,20,ACH-000824,KYSE510,Esophagus/Stomach,Esophageal Squamous Cell Carcinoma
PR-8nhMR6,3.0,39,26,ACH-001835,ICC106,Biliary Tract,Intraductal Papillary Neoplasm of the Bile Duct
PR-8oZYyH,2.0,39,6,ACH-001686,ULA,Lymphoid,Mature B-Cell Neoplasms
PR-8pIIv9,2.0,39,2,ACH-002149,KGN,Ovary/Fallopian Tube,Sex Cord Stromal Tumor
PR-8smNop,4.0,39,17,ACH-002348,HSJDDIPG007,CNS/Brain,Diffuse Glioma
PR-8xr84R,2.0,39,0,ACH-000959,SNUC4,Bowel,Colorectal Adenocarcinoma
PR-97H3Ob,2.0,39,4,ACH-002224,D247MG,CNS/Brain,Diffuse Glioma
PR-97JLE2,4.0,39,15,ACH-001360,MS751,Cervix,Cervical Squamous Cell Carcinoma
PR-97KrpJ,3.0,41,21,ACH-000552,HT29,Bowel,Colorectal Adenocarcinoma
PR-98Ohij,3.0,41,31,ACH-000307,PK1,Pancreas,Pancreatic Adenocarcinoma
PR-99vCNe,3.0,39,14,ACH-000762,YD38,Head and Neck,Head and Neck Squamous Cell Carcinoma
PR-9K1Gzv,3.0,41,22,ACH-002062,SLVL,Lymphoid,Mature B-Cell Neoplasms
PR-9KlLER,2.0,41,4,ACH-000654,RAJI,Lymphoid,Mature B-Cell Neoplasms
PR-9LHdqw,3.0,39,22,ACH-001838,ICC12,Biliary Tract,Intraductal Papillary Neoplasm of the Bile Duct
PR-9LhdJw,2.0,39,17,ACH-002112,EW12,Bone,Ewing Sarcoma
PR-9NqR7V,3.0,39,19,ACH-002129,H2731,Pleura,Pleural Mesothelioma
PR-9Oujd0,3.0,41,28,ACH-001591,NCIH1417,Lung,Lung Neuroendocrine Tumor
PR-9PwT0i,2.0,39,8,ACH-000140,PFEIFFER,Lymphoid,Mature B-Cell Neoplasms
PR-9V0s4B,4.0,39,7,ACH-002118,EW3,Bone,Ewing Sarcoma
PR-9bOqrN,2.0,39,15,ACH-002161,MKN28,Esophagus/Stomach,Esophagogastric Adenocarcinoma
PR-9dU2Dr,3.0,41,20,ACH-002041,HOTHC,Thyroid,Anaplastic Thyroid Cancer
PR-9eJ7rS,2.0,39,2,ACH-000271,SUDHL10,Lymphoid,Mature B-Cell Neoplasms
PR-9gcP8z,3.0,39,17,ACH-000475,HUH1,Liver,Hepatocellular Carcinoma
PR-9kNZUy,2.0,39,2,ACH-000782,SEM,Lymphoid,B-Lymphoblastic Leukemia/Lymphoma
PR-9lI3dy,2.0,41,22,ACH-002043,CA922,Head and Neck,Head and Neck Squamous Cell Carcinoma
PR-9n8Nr3,3.0,39,27,ACH-000862,KMBC2,Bladder/Urinary Tract,Bladder Urothelial Carcinoma
PR-9oSzc2,4.0,39,19,ACH-000566,SW1710,Bladder/Urinary Tract,Bladder Urothelial Carcinoma
PR-9sB1fn,3.0,41,26,ACH-001662,SNU2372,Breast,Invasive Breast Carcinoma
PR-9wCrN8,4.0,42,26,ACH-000759,MDAMB175VII,Breast,Invasive Breast Carcinoma
PR-A0j8Yf,4.0,39,17,ACH-002115,EW18,Bone,Ewing Sarcoma
PR-A21r31,2.0,39,15,ACH-001232,UW228,CNS/Brain,Embryonal Tumor
PR-A3pvk8,2.0,39,10,ACH-001030,CHLA218,Bone,Ewing Sarcoma
PR-A3tiJU,4.0,41,25,ACH-000649,786O,Kidney,Renal Cell Carcinoma
PR-AAAPDO,2.0,42,1,ACH-001528,IHH4,Thyroid,Well-Differentiated Thyroid Cancer
PR-AJ5XMp,3.0,39,12,ACH-003438,CCLFNEURO0005T,CNS/Brain,Diffuse Glioma
PR-AL364w,3.0,39,19,ACH-000743,CORL95,Lung,Lung Neuroendocrine Tumor
PR-ALq0Yt,3.0,40,17,ACH-002687,WM3772F,Eye,Ocular Melanoma
PR-AOMFGh,3.0,39,20,ACH-001862,TGBC52TKB,Ampulla of Vater,Ampullary Carcinoma
PR-AQQ8je,3.0,41,24,ACH-002659,JVE127,Bowel,Colorectal Adenocarcinoma
PR-AUf1NQ,4.0,41,8,ACH-000827,WM793,Skin,Melanoma
PR-Aedghf,3.0,41,21,ACH-000545,VMCUB1,Bladder/Urinary Tract,Bladder Urothelial Carcinoma
PR-AfhuNj,2.0,39,0,ACH-000051,TE617T,Soft Tissue,Rhabdomyosarcoma
PR-AkSGR2,3.0,42,31,ACH-002524,SNU251,Ovary/Fallopian Tube,Ovarian Epithelial Tumor
PR-Am6S8Y,4.0,39,22,ACH-001845,ICC5,Biliary Tract,Intraductal Papillary Neoplasm of the Bile Duct
PR-B7qAWp,2.0,39,17,ACH-000443,OVKATE,Ovary/Fallopian Tube,Ovarian Epithelial Tumor
PR-B8lCsL,2.0,39,4,ACH-001708,WSUFSCCL,Lymphoid,Mature B-Cell Neoplasms
PR-B8sPoH,3.0,39,22,ACH-001389,SUM1315MO2,Breast,Invasive Breast Carcinoma
PR-BBR01Z,2.0,41,2,ACH-001447,BJAB,Lymphoid,Mature B-Cell Neoplasms
PR-BDblKP,2.0,39,11,ACH-000391,MHHES1,Bone,Ewing Sarcoma
PR-BFXtA4,4.0,39,23,ACH-000619,PECAPJ15,Head and Neck,Head and Neck Squamous Cell Carcinoma
PR-BGUgGC,4.0,40,26,ACH-000595,LN229,CNS/Brain,Diffuse Glioma
PR-BOuA93,4.0,39,23,ACH-002228,D423MG,CNS/Brain,Diffuse Glioma
PR-BSfH86,2.0,41,10,ACH-002033,HMMME,Pleura,Pleural Mesothelioma
PR-BTEHU6,3.0,42,20,ACH-000378,NCIH647,Lung,Non-Small Cell Lung Cancer
PR-BTcI0F,3.0,39,17,ACH-002152,LB2518MEL,Skin,Melanoma
PR-BVJyOj,2.0,41,12,ACH-000735,PECAPJ49,Head and Neck,Head and Neck Squamous Cell Carcinoma
PR-BWl30D,2.0,39,0,ACH-002241,HAL01,Lymphoid,B-Lymphoblastic Leukemia/Lymphoma
PR-Bb62wP,2.0,39,4,ACH-002382,HCC1395BL,Lymphoid,Non-Cancerous
PR-BbwK1U,2.0,39,0,ACH-002270,MCCAR,B lymphoblast,Non-Cancerous
PR-BhaMSr,2.0,41,21,ACH-000747,NCIH1703,Lung,Non-Small Cell Lung Cancer
PR-BiUc1B,2.0,39,17,ACH-002304,SKMG1,CNS/Brain,Diffuse Glioma
PR-BidGw1,2.0,39,5,ACH-000208,U178,CNS/Brain,Diffuse Glioma
PR-BklaUR,3.0,41,31,ACH-000554,UACC893,Breast,Invasive Breast Carcinoma
PR-BlwAzJ,3.0,41,23,ACH-002044,HSQ89,Head and Neck,Head and Neck Squamous Cell Carcinoma
PR-BqUhod,2.0,42,7,ACH-003181,NRHLMS1,Soft Tissue,Leiomyosarcoma
PR-BqenKD,3.0,42,21,ACH-000264,CALU6,Lung,Non-Small Cell Lung Cancer
PR-BqqB9P,2.0,39,2,ACH-000462,NALM1,Myeloid,Myeloproliferative Neoplasms
PR-Bs4EcD,2.0,39,6,ACH-001973,MM485,Skin,Melanoma
PR-BsTUFT,4.0,39,25,ACH-002294,PCI15A,Head and Neck,Head and Neck Squamous Cell Carcinoma
PR-BtGoCz,2.0,39,6,ACH-000073,GRANTA519,Lymphoid,Mature B-Cell Neoplasms
PR-C0LzlL,2.0,39,18,ACH-001461,C99,Bowel,Colorectal Adenocarcinoma
PR-C0X6Ou,4.0,39,21,ACH-000560,ECC10,Esophagus/Stomach,Esophagogastric Adenocarcinoma
PR-C12hqa,2.0,40,14,ACH-000837,NCIH322,Lung,Non-Small Cell Lung Cancer
PR-C2qhxs,3.0,39,19,ACH-001536,KKU100,Biliary Tract,Intraductal Papillary Neoplasm of the Bile Duct
PR-C54KuC,3.0,39,27,ACH-001525,HT3,Cervix,Cervical Adenocarcinoma
PR-C67eeP,2.0,39,2,ACH-001959,CCLP1,Biliary Tract,Intraductal Papillary Neoplasm of the Bile Duct
PR-C6kpQY,3.0,41,20,ACH-001702,VAESBJ,Soft Tissue,Epithelioid Sarcoma
PR-C79Gem,2.0,41,8,ACH-001988,NZM5,Skin,Melanoma
PR-C7LnAs,2.0,41,13,ACH-000247,OCUM1,Esophagus/Stomach,Esophagogastric Adenocarcinoma
PR-C8Jq2o,2.0,39,4,ACH-000895,CL34,Bowel,Colorectal Adenocarcinoma
PR-C8mUzj,3.0,39,25,ACH-001409,UMUC16,Bladder/Urinary Tract,Bladder Urothelial Carcinoma
PR-C99sfc,2.0,39,0,ACH-002375,HCC1937BL,Lymphoid,Non-Cancerous
PR-CHJbfm,2.0,42,23,ACH-000643,HDQP1,Breast,Invasive Breast Carcinoma
PR-CK8DSi,3.0,42,14,ACH-000911,NUGC3,Esophagus/Stomach,Esophagogastric Adenocarcinoma
PR-CWsu0l,3.0,39,21,ACH-000406,U937,Myeloid,Acute Myeloid Leukemia
PR-CaXKYy,4.0,39,17,ACH-000197,TALL1,Lymphoid,Mature T and NK Neoplasms
PR-CbuOaH,2.0,41,7,ACH-000371,RL,Lymphoid,Mature B-Cell Neoplasms
PR-Cbzb19,3.0,41,18,ACH-000848,JHH7,Liver,Hepatocellular Carcinoma
PR-Cc6WwT,2.0,41,0,ACH-001164,CCLFPEDS0003T,Soft Tissue,Undifferentiated Pleomorphic Sarcoma/Malignant Fibrous Histiocytoma/High-Grade Spindle Cell Sarcoma
PR-CdFk6C,2.0,39,13,ACH-000736,SNU601,Esophagus/Stomach,Esophagogastric Adenocarcinoma
PR-Ce7PEk,4.0,41,29,ACH-000853,NCIH661,Lung,Non-Small Cell Lung Cancer
PR-Ce8eMD,5.0,41,25,ACH-000945,NCIH650,Lung,Non-Small Cell Lung Cancer
PR-CgIjIP,2.0,39,0,ACH-002376,LS1034PBL,Lymphoid,Non-Cancerous
PR-CiXMqx,3.0,39,24,ACH-002195,RXF393,Kidney,Renal Cell Carcinoma
PR-CiXXaA,2.0,39,0,ACH-000131,HS229T,Fibroblast,Non-Cancerous
PR-CjBrCR,4.0,41,19,ACH-003105,VMM917,Skin,Melanoma
PR-ClnFLO,2.0,39,9,ACH-002227,D392MG,CNS/Brain,Diffuse Glioma
PR-CmCc4i,3.0,41,27,ACH-000841,NCIH2087,Lung,Non-Small Cell Lung Cancer
PR-CpkIXj,4.0,39,16,ACH-000606,PECAPJ34CLONEC12,Head and Neck,Head and Neck Squamous Cell Carcinoma
PR-CqsOR2,3.0,39,23,ACH-000489,SW1116,Bowel,Colorectal Adenocarcinoma
PR-CwO7jK,3.0,39,27,ACH-000733,NCIH1838,Lung,Non-Small Cell Lung Cancer
PR-CyXafL,4.0,41,36,ACH-000869,NCIH1568,Lung,Non-Small Cell Lung Cancer
PR-D0lSrO,3.0,39,27,ACH-001864,YSCCC,Biliary Tract,Intraductal Papillary Neoplasm of the Bile Duct
PR-D8dZbb,3.0,39,15,ACH-000891,HCC1438,Lung,Non-Small Cell Lung Cancer
PR-D8ybEK,2.0,42,2,ACH-000494,OELE,Ovary/Fallopian Tube,Non-Cancerous
PR-DACp7A,3.0,41,23,ACH-000207,DETROIT562,Head and Neck,Head and Neck Squamous Cell Carcinoma
PR-DEEPBR,2.0,41,14,ACH-000878,HCC15,Lung,Non-Small Cell Lung Cancer
PR-DLWpGD,4.0,41,8,ACH-000426,KMS20,Lymphoid,Mature B-Cell Neoplasms
PR-DNEoiz,3.0,41,21,ACH-000930,HCC1569,Breast,Invasive Breast Carcinoma
PR-DNRFgC,2.0,39,7,ACH-001846,ICC6,Biliary Tract,Intraductal Papillary Neoplasm of the Bile Duct
PR-DOinrY,3.0,39,27,ACH-000500,SNU46,Head and Neck,Head and Neck Squamous Cell Carcinoma
PR-DQfNOV,3.0,39,23,ACH-000861,HOP62,Lung,Non-Small Cell Lung Cancer
PR-DRBE6q,3.0,39,28,ACH-000491,NCIH716,Bowel,Colorectal Adenocarcinoma
PR-DWgEQr,3.0,39,21,ACH-000592,TM31,CNS/Brain,Diffuse Glioma
PR-DXR2Qg,2.0,39,2,ACH-002316,WIL2NS,Myeloid,Hereditary Spherocytosis
PR-DYssDQ,4.0,41,33,ACH-002530,SNU977,Bowel,Colorectal Adenocarcinoma
PR-DaJPv6,2.0,39,0,ACH-002354,LB2518EBV,Normal,Non-Cancerous
PR-DbwlQN,3.0,42,15,ACH-000907,SNU349,Kidney,Renal Cell Carcinoma
PR-DnuhxL,4.0,41,29,ACH-002017,OMM1,Eye,Ocular Melanoma
PR-DrDDw1,2.0,39,0,ACH-000199,HS255T,Fibroblast,Non-Cancerous
PR-Ds9QdK,2.0,39,0,ACH-000995,JURKAT,Lymphoid,T-Lymphoblastic Leukemia/Lymphoma
PR-DtMcDr,3.0,42,25,ACH-000915,IPC298,Skin,Melanoma
PR-DuXlVu,4.0,39,18,ACH-001193,SKPNDW,Bone,Ewing Sarcoma
PR-Dx7c37,3.0,41,21,ACH-000351,MKN1,Esophagus/Stomach,Esophagogastric Adenocarcinoma
PR-E1sXJN,4.0,42,32,ACH-000887,SF172,CNS/Brain,Diffuse Glioma
PR-E4gauh,4.0,41,10,ACH-001148,OCILY132,Lymphoid,Mature B-Cell Neoplasms
PR-E4kgLt,3.0,39,25,ACH-001652,SKGII,Cervix,Cervical Squamous Cell Carcinoma
PR-E6Fs6d,3.0,39,15,ACH-001401,SW13,Adrenal Gland,Adrenocortical Carcinoma
PR-E6SXDf,5.0,41,27,ACH-000394,NCIH2081,Lung,Lung Neuroendocrine Tumor
PR-E8ir6x,2.0,41,5,ACH-002065,HSPSS,Peripheral Nervous System,Nerve Sheath Tumor
PR-EAWErG,3.0,39,24,ACH-000603,BEN,Lung,Non-Small Cell Lung Cancer
PR-ECBoGq,2.0,41,20,ACH-000610,NCIH2227,Lung,Lung Neuroendocrine Tumor
PR-EDZlOB,2.0,39,11,ACH-001541,KMS28PE,Lymphoid,Mature B-Cell Neoplasms
PR-EEtw9B,3.0,41,22,ACH-000678,MKN7,Esophagus/Stomach,Esophagogastric Adenocarcinoma
PR-EFHSQ0,3.0,39,10,ACH-001038,COGE352,Bone,Ewing Sarcoma
PR-EFsHrO,2.0,41,2,ACH-000123,COV434,Ovary/Fallopian Tube,Ovarian Epithelial Tumor
PR-EGztqb,4.0,39,27,ACH-002233,DIFI,Bowel,Colorectal Adenocarcinoma
PR-EHVOVz,3.0,39,26,ACH-001651,SKGI,Cervix,Cervical Squamous Cell Carcinoma
PR-EImm1L,2.0,39,3,ACH-002293,P32ISH,Lymphoid,Mature B-Cell Neoplasms
PR-EJPcTI,4.0,41,27,ACH-001610,NP5,CNS/Brain,Diffuse Glioma
PR-ELdKN5,2.0,39,9,ACH-002131,H2803,Pleura,Pleural Mesothelioma
PR-EbZW7K,4.0,39,23,ACH-001551,MCC142,Skin,Merkel Cell Carcinoma
PR-EjK0zK,3.0,41,21,ACH-000116,OAW28,Ovary/Fallopian Tube,Ovarian Epithelial Tumor
PR-EnZ3C5,3.0,39,21,ACH-001542,KON,Head and Neck,Head and Neck Squamous Cell Carcinoma
PR-EqGdPy,3.0,39,20,ACH-000269,AM38,CNS/Brain,Diffuse Glioma
PR-EqdpB5,4.0,41,22,ACH-000086,ACCMESO1,Pleura,Pleural Mesothelioma
PR-EsfoqB,2.0,41,6,ACH-001677,U2904,Lymphoid,Mature B-Cell Neoplasms
PR-EtBUC0,2.0,42,9,ACH-002485,MAVER1,Lymphoid,Mature B-Cell Neoplasms
PR-EuQ6MV,4.0,39,19,ACH-001517,HEC1,Uterus,Endometrial Carcinoma
PR-F4kHPf,3.0,39,25,ACH-000622,KNS42,CNS/Brain,Diffuse Glioma
PR-F5xmyp,2.0,39,10,ACH-002212,BB30HNC,Head and Neck,Head and Neck Squamous Cell Carcinoma
PR-F6k6d2,3.0,39,21,ACH-001341,DOTC24510,Cervix,Mixed Cervical Carcinoma
PR-F7fOSJ,3.0,41,18,ACH-002695,STS26T,Peripheral Nervous System,Nerve Sheath Tumor
PR-FCs4QQ,3.0,41,19,ACH-000632,HS944T,Skin,Melanoma
PR-FFGmUw,2.0,39,0,ACH-002344,BB65EBV,Normal,Non-Cancerous
PR-FGHIYf,3.0,39,18,ACH-001494,EGI1,Biliary Tract,Intraductal Papillary Neoplasm of the Bile Duct
PR-FGeuv5,2.0,39,9,ACH-000983,KCL22,Myeloid,Myeloproliferative Neoplasms
PR-FNigiY,2.0,39,12,ACH-000468,PK45H,Pancreas,Pancreatic Adenocarcinoma
PR-FNo80s,2.0,41,6,ACH-002716,MO91,Myeloid,Acute Myeloid Leukemia
PR-FPobvq,3.0,41,23,ACH-002778,NCCOS1X2C1,Bone,Osteosarcoma
PR-FSCKC9,3.0,41,20,ACH-000979,DU145,Prostate,Prostate Adenocarcinoma
PR-FSmUok,3.0,41,25,ACH-001641,SAT,Head and Neck,Head and Neck Squamous Cell Carcinoma
PR-FVUD09,2.0,39,0,ACH-002352,LB1047EBV,Normal,Non-Cancerous
PR-FWG9sX,3.0,39,18,ACH-002309,SW684,Soft Tissue,Fibrosarcoma
PR-FZ5nGv,2.0,39,6,ACH-001638,RCK8,Lymphoid,Mature B-Cell Neoplasms
PR-FbZKpA,4.0,39,21,ACH-000425,UACC62,Skin,Melanoma
PR-FgeHco,2.0,39,7,ACH-000331,ISTMES2,Pleura,Pleural Mesothelioma
PR-FhsuPc,3.0,41,30,ACH-001863,TKKK,Biliary Tract,Intraductal Papillary Neoplasm of the Bile Duct
PR-Fit7Mw,2.0,39,2,ACH-000660,SUDHL5,Lymphoid,Mature B-Cell Neoplasms
PR-FlRMNN,2.0,39,19,ACH-000495,TUHR4TKB,Kidney,Renal Cell Carcinoma
PR-FlwBPL,4.0,39,8,ACH-001794,93T449,Soft Tissue,Liposarcoma
PR-Fm2w0A,4.0,41,23,ACH-001985,NZM40,Skin,Melanoma
PR-FnbgWC,2.0,41,2,ACH-001301,COGN278,Peripheral Nervous System,Neuroblastoma
PR-FnvgpP,4.0,39,28,ACH-000309,SKLU1,Lung,Non-Small Cell Lung Cancer
PR-FoI5mV,4.0,42,18,ACH-000963,CCK81,Bowel,Colorectal Adenocarcinoma
PR-FoPc2W,3.0,39,23,ACH-001380,PACADD165,Pancreas,Pancreatic Adenocarcinoma
PR-Fom7XN,3.0,42,28,ACH-000817,RPMI8226,Lymphoid,Mature B-Cell Neoplasms
PR-Fu0w28,2.0,39,7,ACH-002239,H3118,Head and Neck,Salivary Carcinoma
PR-FuQbdF,4.0,39,23,ACH-002164,MZ1PC,Pancreas,Pancreatic Adenocarcinoma
PR-Fxytjs,3.0,41,31,ACH-000257,CORL279,Lung,Lung Neuroendocrine Tumor
PR-FzRGD4,3.0,39,19,ACH-001024,CHL1,Skin,Melanoma
PR-G46D6E,3.0,41,18,ACH-001750,TTC442,Soft Tissue,Rhabdomyosarcoma
PR-G4nBwv,4.0,42,8,ACH-001707,WAOSEL,Lymphoid,Mature B-Cell Neoplasms
PR-G5CRjD,2.0,41,4,ACH-003125,ASPSKY,Soft Tissue,Alveolar Soft Part Sarcoma
PR-G6U4ng,2.0,41,9,ACH-002921,BCK4,Breast,Invasive Breast Carcinoma
PR-G8b3PF,4.0,39,21,ACH-000641,CMK,Myeloid,Acute Myeloid Leukemia
PR-G9uFht,3.0,41,24,ACH-002291,NTERA2CLD1,Testis,Non-Seminomatous Germ Cell Tumor
PR-GABcbo,4.0,39,10,ACH-001561,MERO84,Pleura,Pleural Mesothelioma
PR-GFGbFE,2.0,39,0,ACH-003463,CCLFHEME0004T,Lymphoid,Mature T and NK Neoplasms
PR-GGvVBy,3.0,41,21,ACH-003121,NCIH2679,Lung,Lung Neuroendocrine Tumor
PR-GHS53C,2.0,39,1,ACH-002373,HCC1187BL,Lymphoid,Non-Cancerous
PR-GI0vZ5,2.0,41,17,ACH-001578,NCCIT,Testis,Non-Seminomatous Germ Cell Tumor
PR-GK9z3H,3.0,42,22,ACH-000749,DMS273,Lung,Lung Neuroendocrine Tumor
PR-GNJfYr,4.0,39,17,ACH-002146,JHOS3,Ovary/Fallopian Tube,Ovarian Epithelial Tumor
PR-GOqi1p,2.0,39,4,ACH-001613,OCIAML4,Myeloid,Acute Myeloid Leukemia
PR-GT62zV,2.0,39,1,ACH-002462,RPE1SS48,Eye,Non-Cancerous
PR-GTChuh,3.0,39,14,ACH-001573,MOLM1,Myeloid,Myeloproliferative Neoplasms
PR-GWI1RK,3.0,41,25,ACH-002067,NOS1,Bone,Osteosarcoma
PR-GYfpLB,2.0,39,8,ACH-002255,KARPAS231,Lymphoid,Mature B-Cell Neoplasms
PR-GZUMxm,2.0,39,7,ACH-002189,RCCFG2,Kidney,Renal Cell Carcinoma
PR-GZZYAm,2.0,39,3,ACH-000728,KASUMI2,Lymphoid,B-Lymphoblastic Leukemia/Lymphoma
PR-GZkVwh,2.0,39,5,ACH-000067,HS683,CNS/Brain,Diffuse Glioma
PR-GbAE4Q,3.0,39,22,ACH-000741,UBLC1,Bladder/Urinary Tract,Bladder Urothelial Carcinoma
PR-Ggfzdb,2.0,39,0,ACH-000993,JHUEM7,Uterus,Endometrial Carcinoma
PR-Gjnn57,4.0,41,26,ACH-002800,NCCMPNST2C1,Peripheral Nervous System,Nerve Sheath Tumor
PR-GmX4vm,3.0,41,22,ACH-000843,HARA,Lung,Non-Small Cell Lung Cancer
PR-GoN0Kn,2.0,41,3,ACH-001736,HB1119,Lymphoid,B-Lymphoblastic Leukemia/Lymphoma
PR-GsPeEV,3.0,41,25,ACH-001696,UPCISCC111,Head and Neck,Head and Neck Squamous Cell Carcinoma
PR-Gta1iS,2.0,39,4,ACH-002055,TL1,Lymphoid,Mature B-Cell Neoplasms
PR-Gtgm4G,2.0,41,8,ACH-001075,NCIH292,Lung,Non-Small Cell Lung Cancer
PR-Gutdfk,2.0,41,10,ACH-001300,CHLA15,Peripheral Nervous System,Neuroblastoma
PR-GxTIq9,4.0,39,22,ACH-000648,NCIH28,Pleura,Pleural Mesothelioma
PR-GzomD6,3.0,41,21,ACH-001111,L82,Lymphoid,Mature T and NK Neoplasms
PR-H1MJSv,4.0,41,24,ACH-002446,CCLFUPGI0005T,Esophagus/Stomach,Esophagogastric Adenocarcinoma
PR-H29PoQ,3.0,39,23,ACH-000546,HSC4,Head and Neck,Head and Neck Squamous Cell Carcinoma
PR-H4aeGM,3.0,39,28,ACH-001522,HMY1,Skin,Melanoma
PR-H5CCg3,3.0,39,23,ACH-000821,EJM,Lymphoid,Mature B-Cell Neoplasms
PR-HBKcFU,4.0,41,23,ACH-000211,DAOY,CNS/Brain,Embryonal Tumor
PR-HCETwH,4.0,39,16,ACH-000242,RT4,Bladder/Urinary Tract,Bladder Urothelial Carcinoma
PR-HCYCNG,2.0,39,0,ACH-000972,HEC151,Uterus,Endometrial Carcinoma
PR-HCvEQp,2.0,39,17,ACH-000896,647V,Bladder/Urinary Tract,Bladder Urothelial Carcinoma
PR-HD4xg6,3.0,39,17,ACH-001558,MERO48A,Pleura,Pleural Mesothelioma
PR-HEJeS7,4.0,39,13,ACH-002349,GBM001,CNS/Brain,Diffuse Glioma
PR-HKjaHs,4.0,39,9,ACH-002148,K5,Thyroid,Well-Differentiated Thyroid Cancer
PR-HLZsmV,4.0,39,23,ACH-001399,SW626,Bowel,Colorectal Adenocarcinoma
PR-HN3C6C,3.0,41,24,ACH-000769,LK2,Lung,Non-Small Cell Lung Cancer
PR-HPNL5a,4.0,41,22,ACH-000183,L363,Lymphoid,Mature B-Cell Neoplasms
PR-HRA6lV,4.0,39,20,ACH-000838,AMO1,Lymphoid,Mature B-Cell Neoplasms
PR-HV4OkR,3.0,39,23,ACH-001842,ICC2,Biliary Tract,Intraductal Papillary Neoplasm of the Bile Duct
PR-HXmKaZ,4.0,41,19,ACH-000903,FTC133,Thyroid,Well-Differentiated Thyroid Cancer
PR-HhxI8n,2.0,39,5,ACH-001081,HCC2998,Bowel,Colorectal Adenocarcinoma
PR-HlfNG0,3.0,40,17,ACH-000270,HPAC,Pancreas,Pancreatic Adenocarcinoma
PR-HmmpcB,2.0,39,0,ACH-000180,HS839T,Fibroblast,Non-Cancerous
PR-HnL4XR,3.0,41,21,ACH-000833,RH30,Soft Tissue,Rhabdomyosarcoma
PR-HrvPOg,3.0,39,15,ACH-001039,COLO205,Bowel,Colorectal Adenocarcinoma
PR-Hu7pwC,3.0,41,26,ACH-002538,SNU1235,Bowel,Colorectal Adenocarcinoma
PR-HvE8oO,3.0,41,24,ACH-000655,SF268,CNS/Brain,Diffuse Glioma
PR-Hwjmfl,2.0,39,19,ACH-002404,CCLFMELM0002T,Skin,Melanoma
PR-HyMLJj,4.0,39,23,ACH-000218,PL21,Myeloid,Acute Myeloid Leukemia
PR-HyeiHz,3.0,41,24,ACH-000718,NCIH2291,Lung,Non-Small Cell Lung Cancer
PR-HzNj7n,2.0,39,21,ACH-001359,ME180,Cervix,Cervical Squamous Cell Carcinoma
PR-I4hDk0,2.0,41,4,ACH-002668,KASUMI3,Myeloid,Acute Myeloid Leukemia
PR-I5tq2d,3.0,39,22,ACH-000744,NCIH1623,Lung,Non-Small Cell Lung Cancer
PR-IDBCK9,2.0,41,0,ACH-001817,C393,Bone,Osteosarcoma
PR-IDcomg,3.0,39,19,ACH-002151,LB2241RCC,Kidney,Renal Cell Carcinoma
PR-IEUpIB,4.0,40,22,ACH-000582,COLO741,Skin,Melanoma
PR-IJVmy8,2.0,39,0,ACH-001520,HG3,Lymphoid,B-Lymphoblastic Leukemia/Lymphoma
PR-IJgOEC,2.0,39,10,ACH-001849,ICC9,Biliary Tract,Intraductal Papillary Neoplasm of the Bile Duct
PR-INrz6w,3.0,39,18,ACH-001086,HELA,Cervix,Cervical Adenocarcinoma
PR-IOjfDI,5.0,41,30,ACH-000550,IGR39,Skin,Melanoma
PR-IPei1i,2.0,39,2,ACH-000978,EN,Uterus,Endometrial Carcinoma
PR-IRf5z2,3.0,41,22,ACH-000488,TE11,Esophagus/Stomach,Esophageal Squamous Cell Carcinoma
PR-ISgnyI,4.0,42,25,ACH-003099,UCSFOT1109,Head and Neck,Head and Neck Squamous Cell Carcinoma
PR-IW3DXn,2.0,41,10,ACH-003100,EJ1,Lymphoid,Mature B-Cell Neoplasms
PR-IXUH2G,3.0,39,21,ACH-000663,OVTOKO,Ovary/Fallopian Tube,Ovarian Epithelial Tumor
PR-If3Zof,3.0,39,21,ACH-000396,J82,Bladder/Urinary Tract,Bladder Urothelial Carcinoma
PR-IfWBJl,3.0,39,19,ACH-002209,ALLPO,Lymphoid,B-Lymphoblastic Leukemia/Lymphoma
PR-IiBaqI,3.0,39,25,ACH-002106,ES5,Bone,Ewing Sarcoma
PR-IoB78f,3.0,41,16,ACH-002847,YUHOIN,Skin,Melanoma
PR-IqCpcq,3.0,39,26,ACH-001419,VP229,Breast,Invasive Breast Carcinoma
PR-IwcVXa,2.0,39,5,ACH-002307,SUDHL16,Lymphoid,Non-Hodgkin Lymphoma
PR-IxWu6d,3.0,42,31,ACH-000691,HCC2157,Breast,Invasive Breast Carcinoma
PR-JEv1oA,2.0,42,1,ACH-001106,KOPN8,Lymphoid,B-Lymphoblastic Leukemia/Lymphoma
PR-JFxpSB,3.0,41,24,ACH-000314,HCC2108,Lung,Non-Small Cell Lung Cancer
PR-JIWarm,4.0,39,13,ACH-001127,MOLT4,Lymphoid,T-Lymphoblastic Leukemia/Lymphoma
PR-JLqFyB,3.0,39,19,ACH-001336,CASKI,Cervix,Cervical Squamous Cell Carcinoma
PR-JNsJI1,3.0,41,22,ACH-001671,TERA1,Testis,Non-Seminomatous Germ Cell Tumor
PR-JOlhYh,2.0,39,18,ACH-002011,MP46,Eye,Ocular Melanoma
PR-JQtN4F,2.0,39,0,ACH-002339,MOT,Lymphoid,Mature B-Cell Neoplasms
PR-JSUJXv,2.0,41,10,ACH-000035,NCIH1650,Lung,Non-Small Cell Lung Cancer
PR-JToJzQ,2.0,39,1,ACH-002350,HA7EBV,Normal,Non-Cancerous
PR-JUyl3z,4.0,39,21,ACH-000555,A498,Kidney,Renal Cell Carcinoma
PR-JVQxPE,3.0,41,23,ACH-000444,LU99,Lung,Non-Small Cell Lung Cancer
PR-JWMTAX,2.0,39,0,ACH-002379,J82EBV,Normal,Non-Cancerous
PR-JZDjEe,4.0,41,16,ACH-000758,MKN74,Esophagus/Stomach,Esophagogastric Adenocarcinoma
PR-JaOGpt,2.0,41,6,ACH-001197,SMZ1,Lymphoid,Non-Hodgkin Lymphoma
PR-JbzjQE,2.0,39,0,ACH-000340,HS870T,Fibroblast,Non-Cancerous
PR-JelpSO,4.0,39,21,ACH-000708,SNU283,Bowel,Colorectal Adenocarcinoma
PR-JiufD2,3.0,40,18,ACH-002001,A375SKINCJ1,Skin,Melanoma
PR-JjObZD,2.0,39,3,ACH-000345,KPNRTBM1,Peripheral Nervous System,Neuroblastoma
PR-JroBPO,2.0,39,15,ACH-000094,HPAFII,Pancreas,Pancreatic Adenocarcinoma
PR-Jt5ZBG,2.0,42,2,ACH-002438,CCLFPEDS0026T,Kidney,Wilms' Tumor
PR-JtY4aG,2.0,39,8,ACH-000200,NMCG1,CNS/Brain,Diffuse Glioma
PR-JyiOtL,2.0,42,13,ACH-001183,RT11284,Bladder/Urinary Tract,Bladder Urothelial Carcinoma
PR-K0KOcW,4.0,41,27,ACH-000152,M059K,CNS/Brain,Diffuse Glioma
PR-K3zX9w,2.0,42,9,ACH-001685,UHO1,Lymphoid,Hodgkin Lymphoma
PR-K8jbg4,4.0,39,25,ACH-001363,NCIH2135,Lung,Non-Small Cell Lung Cancer
PR-K9Bi2i,2.0,41,14,ACH-001609,NP3,CNS/Brain,Diffuse Glioma
PR-KFM9lV,4.0,39,19,ACH-002279,NB12,Peripheral Nervous System,Neuroblastoma
PR-KFQhY1,2.0,41,21,ACH-000842,SW480,Bowel,Colorectal Adenocarcinoma
PR-KJHVYR,2.0,41,0,ACH-002843,CCLFRARE0020T,Soft Tissue,Desmoid/Aggressive Fibromatosis
PR-KPFNpX,2.0,39,2,ACH-002366,NCIBL2009,Lymphoid,Non-Cancerous
PR-KR7GjG,3.0,39,24,ACH-000717,COLO680N,Esophagus/Stomach,Esophageal Squamous Cell Carcinoma
PR-KUfCyG,2.0,39,1,ACH-003472,CCLFTHYR0009T,Thyroid,Medullary Thyroid Cancer
PR-KWpKHv,2.0,41,10,ACH-001975,MM576,Skin,Melanoma
PR-KYeoP9,3.0,41,19,ACH-000048,TOV112D,Ovary/Fallopian Tube,Ovarian Epithelial Tumor
PR-KYx8aG,2.0,39,10,ACH-000267,HDLM2,Lymphoid,Hodgkin Lymphoma
PR-KYxq2O,4.0,39,24,ACH-000892,NCIH1563,Lung,Non-Small Cell Lung Cancer
PR-KaeQoW,4.0,39,22,ACH-002117,EW24,Bone,Ewing Sarcoma
PR-KcHKzT,2.0,39,12,ACH-002205,WM1552C,Skin,Melanoma
PR-KeeVHg,3.0,39,24,ACH-000415,BICR6,Head and Neck,Head and Neck Squamous Cell Carcinoma
PR-KfGlp0,4.0,41,31,ACH-000478,SNU387,Liver,Hepatocellular Carcinoma
PR-KgoxFX,4.0,39,25,ACH-001002,451LU,Skin,Melanoma
PR-Kh1iW2,4.0,39,7,ACH-001485,CII,Lymphoid,B-Lymphoblastic Leukemia/Lymphoma
PR-KkCq6r,2.0,39,2,ACH-001449,BL2,Lymphoid,Mature B-Cell Neoplasms
PR-KktycR,2.0,42,0,ACH-000533,NCIH2004RT,Kidney,Rhabdoid Cancer
PR-KnZ4MA,2.0,39,14,ACH-000685,L33,Pancreas,Adenosquamous Carcinoma of the Pancreas
PR-KsTFT1,4.0,39,19,ACH-000436,OCIMY7,Lymphoid,Mature B-Cell Neoplasms
PR-KvICaQ,4.0,39,12,ACH-001454,C10,Bowel,Colorectal Adenocarcinoma
PR-Kz3B24,5.0,39,26,ACH-001515,HCS2,Cervix,Cervical Squamous Cell Carcinoma
PR-L0Yely,3.0,39,16,ACH-000485,GSU,Esophagus/Stomach,Esophagogastric Adenocarcinoma
PR-L20QEq,4.0,42,17,ACH-002927,UPMD2,Eye,Ocular Melanoma
PR-L2ABsw,3.0,39,18,ACH-001751,RH36,Soft Tissue,Rhabdomyosarcoma
PR-L3FIui,2.0,41,2,ACH-000299,HNT34,Myeloid,Acute Myeloid Leukemia
PR-L4aIPw,3.0,39,22,ACH-000221,SNU398,Liver,Hepatocellular Carcinoma
PR-L5V3oJ,2.0,39,20,ACH-000103,CAOV4,Ovary/Fallopian Tube,Ovarian Epithelial Tumor
PR-L7L0jx,3.0,39,23,ACH-001795,94T778,Soft Tissue,Liposarcoma
PR-L7QvCt,3.0,41,18,ACH-003120,NCIH1607,Lung,Lung Neuroendocrine Tumor
PR-LBDu2l,5.0,39,29,ACH-001373,OV17R,Ovary/Fallopian Tube,Ovarian Epithelial Tumor
PR-LBnrNX,2.0,41,1,ACH-000988,MFE319,Uterus,Endometrial Carcinoma
PR-LKnZT2,3.0,39,26,ACH-001456,C125PM,Bowel,Colorectal Adenocarcinoma
PR-LLWIab,2.0,39,0,ACH-000079,TE125T,Fibroblast,Non-Cancerous
PR-LVJxLQ,4.0,39,27,ACH-002234,DOK,Head and Neck,"Head and Neck Carcinoma, Other"
PR-LWqJ8q,2.0,39,10,ACH-001569,MM415,Skin,Melanoma
PR-LXdkYi,4.0,39,25,ACH-000295,EM2,Myeloid,Myeloproliferative Neoplasms
PR-LYWGog,2.0,42,2,ACH-000953,SUPT1,Lymphoid,T-Lymphoblastic Leukemia/Lymphoma
PR-LYqPJx,3.0,39,18,ACH-002202,TMK1,Esophagus/Stomach,Esophagogastric Adenocarcinoma
PR-LZHDZW,2.0,41,3,ACH-001366,NGP,Peripheral Nervous System,Neuroblastoma
PR-LZkbaa,4.0,39,21,ACH-001844,ICC4,Biliary Tract,Intraductal Papillary Neoplasm of the Bile Duct
PR-LcLyDt,3.0,41,18,ACH-000456,BCPAP,Thyroid,Poorly Differentiated Thyroid Cancer
PR-LccvHb,2.0,39,21,ACH-001390,SUM149PT,Breast,Invasive Breast Carcinoma
PR-LfrPBd,2.0,39,18,ACH-001392,SUM185PE,Breast,Invasive Breast Carcinoma
PR-LgFEBI,4.0,39,18,ACH-002163,MRKNU1,Breast,Invasive Breast Carcinoma
PR-LgiHjm,3.0,39,19,ACH-001206,TTC466,Bone,Ewing Sarcoma
PR-LnJyrQ,2.0,42,12,ACH-002802,NCCMPNST3X2C1,Peripheral Nervous System,Nerve Sheath Tumor
PR-Lnw363,3.0,39,20,ACH-000812,COLO783,Skin,Melanoma
PR-LnyWEs,2.0,41,1,ACH-002994,WSUAML,Myeloid,Acute Myeloid Leukemia
PR-LzqC1p,4.0,41,22,ACH-002996,CI34601,Lung,Non-Small Cell Lung Cancer
PR-M2cfgE,3.0,41,23,ACH-001611,NP8,CNS/Brain,Diffuse Glioma
PR-M8qILE,4.0,42,21,ACH-002005,SKMEL19,Skin,Melanoma
PR-MA8H1x,2.0,39,0,ACH-000043,HS895T,Fibroblast,Non-Cancerous
PR-MCTJuq,3.0,39,20,ACH-002083,NB69,Peripheral Nervous System,Neuroblastoma
PR-MFYhaf,2.0,42,0,ACH-000977,LNCAPCLONEFGC,Prostate,Prostate Adenocarcinoma
PR-MFjhsh,2.0,39,12,ACH-000459,TUHR10TKB,Kidney,Renal Cell Carcinoma
PR-MHJBhN,4.0,42,25,ACH-002654,JVE015,Bowel,Colorectal Adenocarcinoma
PR-MKQZdU,4.0,41,19,ACH-000883,SW1783,CNS/Brain,Diffuse Glioma
PR-MKblfW,4.0,41,17,ACH-000504,SNB75,CNS/Brain,Diffuse Glioma
PR-MKqv4R,2.0,39,12,ACH-003458,CCLFMELM0010T,Skin,Melanoma
PR-MQLCPH,3.0,41,23,ACH-000890,SW1271,Lung,SMARCA4-deficient undifferentiated tumor
PR-MQO7wZ,2.0,39,0,ACH-000080,BDCM,Myeloid,Acute Myeloid Leukemia
PR-MUPtwP,3.0,41,26,ACH-000633,FU97,Esophagus/Stomach,Esophagogastric Adenocarcinoma
PR-MVmw0R,2.0,39,0,ACH-000156,MHHCALL4,Lymphoid,B-Lymphoblastic Leukemia/Lymphoma
PR-MWPnKs,3.0,39,23,ACH-002127,H2595,Pleura,Pleural Mesothelioma
PR-MaDpLA,3.0,41,21,ACH-000507,KE39,Esophagus/Stomach,Esophagogastric Adenocarcinoma
PR-MdYnGF,2.0,41,5,ACH-001130,MOTN1,Lymphoid,Mature T and NK Neoplasms
PR-MedeG1,4.0,41,21,ACH-001481,CHLA90,Peripheral Nervous System,Neuroblastoma
PR-MhBq1t,3.0,41,24,ACH-000857,CAL851,Breast,Invasive Breast Carcinoma
PR-MjJjJT,2.0,41,2,ACH-003103,Z181,Lymphoid,B-Lymphoblastic Leukemia/Lymphoma
PR-Mm8GjQ,3.0,41,29,ACH-000740,A253,Head and Neck,Head and Neck Squamous Cell Carcinoma
PR-MnWmgX,2.0,39,2,ACH-002236,EB3,Lymphoid,Mature B-Cell Neoplasms
PR-Mp8kTg,4.0,41,29,ACH-000452,TE8,Esophagus/Stomach,Esophageal Squamous Cell Carcinoma
PR-Ms9vnJ,2.0,39,18,ACH-000826,CAL12T,Lung,Non-Small Cell Lung Cancer
PR-MsaED6,3.0,39,20,ACH-001023,CGTHW1,Head and Neck,Head and Neck Squamous Cell Carcinoma
PR-Mupa85,2.0,42,9,ACH-001422,WPE1NA22,Prostate,Non-Cancerous
PR-MwPyG0,2.0,41,3,ACH-000315,KARPAS422,Lymphoid,Mature B-Cell Neoplasms
PR-Mwdycl,2.0,39,10,ACH-001229,UPCISCC154,Head and Neck,Head and Neck Squamous Cell Carcinoma
PR-Mz1e3q,3.0,41,24,ACH-001440,833KE,Testis,Non-Seminomatous Germ Cell Tumor
PR-N1krey,3.0,39,18,ACH-003474,CCLFHNSC0001T,Head and Neck,Head and Neck Squamous Cell Carcinoma
PR-N61LpQ,2.0,39,14,ACH-001495,EMTOKA,Uterus,Endometrial Carcinoma
PR-N6yb3y,2.0,39,11,ACH-001021,C3A,Liver,Hepatoblastoma
PR-N8AZT5,3.0,41,24,ACH-002051,LU134A,Lung,Lung Neuroendocrine Tumor
PR-N8ZQUe,3.0,41,25,ACH-002045,HO1U1,Head and Neck,Head and Neck Squamous Cell Carcinoma
PR-NAiysP,4.0,39,19,ACH-000598,KMS21BM,Lymphoid,Mature B-Cell Neoplasms
PR-NDks9r,2.0,39,13,ACH-001194,SKRC31,Kidney,Renal Cell Carcinoma
PR-NEWHLd,2.0,41,1,ACH-001279,SCCOHT1,Ovary/Fallopian Tube,Ovarian Epithelial Tumor
PR-NIF1g9,3.0,41,28,ACH-001983,NZM30,Skin,Melanoma
PR-NKbkQk,4.0,41,35,ACH-000318,TE10,Esophagus/Stomach,Esophageal Squamous Cell Carcinoma
PR-NMyopl,4.0,39,25,ACH-002389,ACN,Peripheral Nervous System,Neuroblastoma
PR-NO2bZx,3.0,39,20,ACH-000100,RH41,Soft Tissue,Rhabdomyosarcoma
PR-NOx3i9,3.0,41,23,ACH-000280,SNU840,Ovary/Fallopian Tube,Ovarian Epithelial Tumor
PR-NSPGdW,2.0,39,17,ACH-000350,COLO678,Bowel,Colorectal Adenocarcinoma
PR-NSdezC,4.0,39,12,ACH-002223,D245MG,CNS/Brain,Diffuse Glioma
PR-NTPVwY,3.0,39,21,ACH-001460,C84,Bowel,Colorectal Adenocarcinoma
PR-NVYpYS,2.0,39,12,ACH-000613,HOS,Bone,Osteosarcoma
PR-NXn9fL,2.0,41,12,ACH-000046,ACHN,Kidney,Renal Cell Carcinoma
PR-Nc2NbR,2.0,39,8,ACH-001493,DOGUM,Lymphoid,Mature B-Cell Neoplasms
PR-NhQdyh,3.0,39,20,ACH-001413,UMUC11,Bladder/Urinary Tract,Bladder Urothelial Carcinoma
PR-NivMj6,2.0,39,8,ACH-000656,SUDHL8,Lymphoid,Mature B-Cell Neoplasms
PR-NjOMXr,2.0,39,4,ACH-002405,CCLFMELM0003T,Skin,Melanoma
PR-Nken5D,4.0,39,20,ACH-002191,RCCJW,Kidney,Renal Cell Carcinoma
PR-NpGjEQ,2.0,39,6,ACH-002281,NB14,Peripheral Nervous System,Neuroblastoma
PR-NqFlat,2.0,39,7,ACH-000813,T3M10,Lung,Non-Small Cell Lung Cancer
PR-NqIlBM,2.0,39,0,ACH-002367,NCIBL2052,Lymphoid,Non-Cancerous
PR-Nqfp9a,3.0,41,21,ACH-000448,NCIH1666,Lung,Non-Small Cell Lung Cancer
PR-Nzbo9w,3.0,42,30,ACH-002511,M140325,Skin,Melanoma
PR-O1Dni4,3.0,41,27,ACH-000665,SKMES1,Lung,Non-Small Cell Lung Cancer
PR-O238Fk,4.0,41,21,ACH-001765,RH4,Soft Tissue,Rhabdomyosarcoma
PR-O5LkYZ,2.0,41,18,ACH-002490,NCIH1882,Lung,Lung Neuroendocrine Tumor
PR-O604SG,3.0,39,24,ACH-000471,LI7,Liver,Hepatocellular Carcinoma
PR-O6ph9B,3.0,41,21,ACH-000381,T84,Bowel,Colorectal Adenocarcinoma
PR-O92s3k,2.0,39,12,ACH-002155,LB996RCC,Kidney,Renal Cell Carcinoma
PR-ODzNZa,2.0,41,3,ACH-000697,A3KAW,Lymphoid,Mature B-Cell Neoplasms
PR-OFRo5c,4.0,39,15,ACH-000631,KS1,CNS/Brain,Diffuse Glioma
PR-OGnFWk,4.0,39,18,ACH-000189,RCC10RGB,Kidney,Renal Cell Carcinoma
PR-OIULtg,3.0,39,18,ACH-000266,SNU213,Pancreas,Pancreatic Adenocarcinoma
PR-OPYJGD,3.0,41,27,ACH-000454,HCC95,Lung,Non-Small Cell Lung Cancer
PR-OQ1hW5,3.0,42,20,ACH-000437,SW1088,CNS/Brain,Diffuse Glioma
PR-OQ5tU2,2.0,42,22,ACH-000647,TE1,Esophagus/Stomach,Esophageal Squamous Cell Carcinoma
PR-OXY6i8,2.0,39,13,ACH-000387,TF1,Myeloid,Acute Myeloid Leukemia
PR-OY1uJm,4.0,39,15,ACH-000319,MPP89,Pleura,Pleural Mesothelioma
PR-OZ6R7a,4.0,39,13,ACH-002509,WM4235,Skin,Melanoma
PR-Oa5yYx,2.0,41,1,ACH-001737,CTV1DM,Lymphoid,Mature T and NK Neoplasms
PR-ObcI54,4.0,39,19,ACH-001549,LU135,Lung,Lung Neuroendocrine Tumor
PR-ObqFdr,3.0,39,27,ACH-002386,M00921,Skin,Melanoma
PR-Oelq6a,3.0,40,25,ACH-001435,1156QE8,Testis,Non-Seminomatous Germ Cell Tumor
PR-Ogq8Lr,3.0,39,20,ACH-002263,KYSE220,Esophagus/Stomach,Esophageal Squamous Cell Carcinoma
PR-Oi0m4s,4.0,41,12,ACH-001132,MTA,Lymphoid,T-Lymphoblastic Leukemia/Lymphoma
PR-Olj6Go,3.0,42,24,ACH-000014,HS294T,Skin,Melanoma
PR-Opwkfg,2.0,41,6,ACH-000576,KMS27,Lymphoid,Mature B-Cell Neoplasms
PR-OqdVQy,3.0,41,25,ACH-000403,NCIH747,Bowel,Colorectal Adenocarcinoma
PR-Oqe9zV,2.0,39,1,ACH-002361,MZ7B,Normal,Non-Cancerous
PR-OrnAxc,3.0,41,16,ACH-001715,CAL72,Bone,Osteosarcoma
PR-Oyo0DM,3.0,39,14,ACH-000855,KYSE150,Esophagus/Stomach,Esophageal Squamous Cell Carcinoma
PR-P70lSh,2.0,41,9,ACH-001667,SUCCS1,Soft Tissue,Clear Cell Sarcoma
PR-P7ivEQ,4.0,41,24,ACH-000447,NCIH2228,Lung,Non-Small Cell Lung Cancer
PR-P8Mmg9,4.0,39,8,ACH-002187,RCCAB,Kidney,Renal Cell Carcinoma
PR-PGHA4A,3.0,41,27,ACH-000698,DMS53,Lung,Lung Neuroendocrine Tumor
PR-PHQxAp,2.0,39,0,ACH-000797,HLFA,Fibroblast,Non-Cancerous
PR-PNDSJp,2.0,39,4,ACH-003460,CCLFHEME0001T,Lymphoid,Mature B-Cell Neoplasms
PR-PNKnmM,3.0,39,25,ACH-000640,SKMEL31,Skin,Melanoma
PR-PRMsmy,3.0,39,27,ACH-001136,NCIH187,Lung,Lung Neuroendocrine Tumor
PR-PV4SRx,3.0,41,24,ACH-000281,KP2,Pancreas,Pancreatic Adenocarcinoma
PR-PVzVZB,3.0,42,29,ACH-000845,NCIH1373,Lung,Non-Small Cell Lung Cancer
PR-PXfH6L,3.0,39,20,ACH-001367,NMB,Peripheral Nervous System,Neuroblastoma
PR-Pd0Ucw,4.0,41,26,ACH-000521,NCIH2030,Lung,Non-Small Cell Lung Cancer
PR-PeOuiH,4.0,41,30,ACH-000605,TE6,Esophagus/Stomach,Esophageal Squamous Cell Carcinoma
PR-PfPZdy,2.0,42,6,ACH-000210,CADOES1,Bone,Ewing Sarcoma
PR-PjxhIE,3.0,41,16,ACH-000376,SF295,CNS/Brain,Diffuse Glioma
PR-Pk6WaT,3.0,39,24,ACH-002147,K2,Skin,Melanoma
PR-PlVtvW,3.0,42,24,ACH-000024,OPM2,Lymphoid,Mature B-Cell Neoplasms
PR-PqVB39,4.0,41,26,ACH-003184,NRHLMS2,Soft Tissue,Leiomyosarcoma
PR-PtADWb,5.0,41,25,ACH-000542,HEYA8,Ovary/Fallopian Tube,Ovarian Epithelial Tumor
PR-Pu3UZo,3.0,39,24,ACH-002207,WM35,Skin,Melanoma
PR-Px03bN,3.0,39,14,ACH-003480,CCLFTHYR0001T,Thyroid,Anaplastic Thyroid Cancer
PR-PyVSzx,3.0,41,19,ACH-000801,HS936T,Skin,Melanoma
PR-Q0HrBx,2.0,39,17,ACH-000766,NCIH1648,Lung,Non-Small Cell Lung Cancer
PR-Q4CsMv,2.0,42,10,ACH-001668,SUSA,Testis,Non-Seminomatous Germ Cell Tumor
PR-Q4XyLs,2.0,39,10,ACH-002174,NCIH720,Lung,Lung Neuroendocrine Tumor
PR-Q919N6,2.0,39,0,ACH-002377,HCC38BL,Lymphoid,Non-Cancerous
PR-QCCkpK,2.0,39,9,ACH-002188,RCCER,Kidney,Renal Cell Carcinoma
PR-QCxK5E,2.0,39,17,ACH-000379,NCIH1781,Lung,Non-Small Cell Lung Cancer
PR-QEFNJs,3.0,39,28,ACH-000177,NCIH660,Prostate,Prostate Small Cell Carcinoma
PR-QGc7RQ,3.0,41,33,ACH-002533,SNU482,Kidney,Renal Cell Carcinoma
PR-QHgFcn,2.0,39,10,ACH-001321,TT,Thyroid,Medullary Thyroid Cancer
PR-QHtzJK,3.0,39,21,ACH-000482,RERFLCKJ,Lung,Non-Small Cell Lung Cancer
PR-QIV3db,3.0,39,21,ACH-000820,SW403,Bowel,Colorectal Adenocarcinoma
PR-QIpKET,2.0,42,2,ACH-000492,MUTZ5,Lymphoid,B-Lymphoblastic Leukemia/Lymphoma
PR-QOdtDP,2.0,39,11,ACH-002407,CCLFMELM0005T,Skin,Melanoma
PR-QOqqMr,3.0,39,23,ACH-002266,LB831BLC,Bladder/Urinary Tract,Bladder Urothelial Carcinoma
PR-QQ2Hv2,3.0,39,18,ACH-001997,ECC2,Biliary Tract,Intraductal Papillary Neoplasm of the Bile Duct
PR-QTjcq8,2.0,39,0,ACH-000240,HS600T,Fibroblast,Non-Cancerous
PR-QXCygP,3.0,41,21,ACH-000716,TT2609C02,Thyroid,Well-Differentiated Thyroid Cancer
PR-QZhuij,2.0,39,19,ACH-000661,WM1799,Skin,Melanoma
PR-QgRnyg,3.0,42,20,ACH-000634,LN340,CNS/Brain,Diffuse Glioma
PR-Qjrhu6,4.0,41,19,ACH-000188,SCC25,Head and Neck,Head and Neck Squamous Cell Carcinoma
PR-QjtQz3,4.0,39,25,ACH-001064,EB2,Lymphoid,Mature B-Cell Neoplasms
PR-QnZ5wx,2.0,39,0,ACH-000083,HS281T,Fibroblast,Non-Cancerous
PR-Qswcpe,2.0,41,2,ACH-000099,SIMA,Peripheral Nervous System,Neuroblastoma
PR-QyHIkX,4.0,39,15,ACH-002317,YT,Lymphoid,T-Lymphoblastic Leukemia/Lymphoma
PR-QzzYAo,3.0,41,29,ACH-000844,DMS454,Lung,Lung Neuroendocrine Tumor
PR-R159B7,3.0,39,22,ACH-002177,NCIH835,Lung,Lung Neuroendocrine Tumor
PR-R1zayg,2.0,41,15,ACH-000525,NCIH2171,Lung,Lung Neuroendocrine Tumor
PR-R2MMJk,2.0,41,10,ACH-001598,NCIH295R,Adrenal Gland,Adrenocortical Carcinoma
PR-R8syrq,3.0,39,28,ACH-000239,HUG1N,Esophagus/Stomach,Esophagogastric Adenocarcinoma
PR-RBSHwN,2.0,41,10,ACH-003107,JMP1,Lymphoid,Mature B-Cell Neoplasms
PR-RBrfAT,4.0,39,24,ACH-001850,G415,Biliary Tract,Intracholecystic Papillary Neoplasm
PR-RD6k1g,4.0,39,6,ACH-002180,OMC1,Cervix,Cervical Squamous Cell Carcinoma
PR-RDQSwP,2.0,39,3,ACH-003451,CCLFPEDS0048T,Kidney,Wilms' Tumor
PR-RDbb1o,2.0,42,0,ACH-000612,HUT102,Lymphoid,Mature T and NK Neoplasms
PR-RFKHCv,2.0,41,12,ACH-002077,LU165,Lung,Lung Neuroendocrine Tumor
PR-RG9TgA,3.0,41,28,ACH-000117,EFM192A,Breast,Invasive Breast Carcinoma
PR-RGCMOy,2.0,41,18,ACH-000074,KU812,Myeloid,Myeloproliferative Neoplasms
PR-RJ1wxA,2.0,39,3,ACH-002246,HS633T,Soft Tissue,Fibrosarcoma
PR-RMWWpu,4.0,42,27,ACH-000393,HLF,Liver,Hepatocellular Carcinoma
PR-RNtGZ6,2.0,41,5,ACH-001322,CME1,Soft Tissue,Synovial Sarcoma
PR-RO88TC,4.0,39,9,ACH-001035,CHLA99,Bone,Ewing Sarcoma
PR-ROLR8U,3.0,39,25,ACH-000451,NCIH2085,Lung,Non-Small Cell Lung Cancer
PR-RPURmp,2.0,39,0,ACH-001374,PA1,Ovary/Fallopian Tube,Ovarian Germ Cell Tumor
PR-RSc97t,2.0,39,1,ACH-001991,NZOV9,Ovary/Fallopian Tube,Ovarian Epithelial Tumor
PR-RT7ojv,3.0,41,19,ACH-000470,SW1463,Bowel,Colorectal Adenocarcinoma
PR-RVdl85,3.0,41,23,ACH-000354,CAPAN1,Pancreas,Pancreatic Adenocarcinoma
PR-RZUnHd,2.0,41,19,ACH-000523,NCIH1184,Lung,Lung Neuroendocrine Tumor
PR-RaUmVV,3.0,39,26,ACH-001557,MERO41,Pleura,Pleural Mesothelioma
PR-Rgexy9,2.0,42,6,ACH-001680,U698M,Lymphoid,B-Lymphoblastic Leukemia/Lymphoma
PR-RgsbUW,2.0,39,0,ACH-002370,NCIBL2122,Lymphoid,Non-Cancerous
PR-RkaN4r,4.0,39,24,ACH-002403,CCLFMELM0001T,Skin,Melanoma
PR-RlqMkp,3.0,42,24,ACH-000803,COLO668,Lung,Lung Neuroendocrine Tumor
PR-Ro0oLp,4.0,39,0,ACH-002360,MZ1B,Normal,Non-Cancerous
PR-RqMK4y,4.0,39,27,ACH-000549,SNU1076,Head and Neck,Head and Neck Squamous Cell Carcinoma
PR-RrNtSH,3.0,39,15,ACH-002198,SCH,Other,Extra Gonadal Germ Cell Tumor
PR-RtIft3,3.0,42,24,ACH-002401,21MT2,Breast,Invasive Breast Carcinoma
PR-Ru1ESx,3.0,39,24,ACH-000823,KYSE140,Esophagus/Stomach,Esophageal Squamous Cell Carcinoma
PR-RwW06i,2.0,39,4,ACH-000440,CA46,Lymphoid,Mature B-Cell Neoplasms
PR-Rzu8kD,3.0,41,21,ACH-000004,HEL,Myeloid,Acute Myeloid Leukemia
PR-S1aCQE,3.0,41,18,ACH-002680,170MGBA,CNS/Brain,Diffuse Glioma
PR-S7cmQD,2.0,39,18,ACH-000899,WM88,Skin,Melanoma
PR-S7lkMC,2.0,41,8,ACH-000313,KMRC3,Kidney,Renal Cell Carcinoma
PR-S8c1QK,2.0,39,10,ACH-002213,BB49HNC,Head and Neck,Head and Neck Squamous Cell Carcinoma
PR-SCRFDt,2.0,39,4,ACH-000065,OCIAML5,Myeloid,Acute Myeloid Leukemia
PR-SD32IL,3.0,41,27,ACH-002690,OS526,Bone,Osteosarcoma
PR-SI1tk5,3.0,39,17,ACH-000836,YD15,Head and Neck,Head and Neck Squamous Cell Carcinoma
PR-SK0W61,4.0,39,0,ACH-002369,NCIBL209,Lymphoid,Non-Cancerous
PR-SKoeyK,4.0,39,26,ACH-001415,UMUC7,Bladder/Urinary Tract,Bladder Urothelial Carcinoma
PR-SM1VOk,2.0,42,2,ACH-003111,HS856T,Soft Tissue,Undifferentiated Pleomorphic Sarcoma/Malignant Fibrous Histiocytoma/High-Grade Spindle Cell Sarcoma
PR-SRIORa,3.0,41,21,ACH-000012,HCC827,Lung,Non-Small Cell Lung Cancer
PR-STBMsm,3.0,41,19,ACH-000145,SKLMS1,Soft Tissue,Leiomyosarcoma
PR-STYA1S,4.0,39,14,ACH-000805,COLO679,Skin,Melanoma
PR-SVlRCu,3.0,39,22,ACH-001626,OSC20,Head and Neck,Head and Neck Squamous Cell Carcinoma
PR-SXPIzb,4.0,41,30,ACH-000256,COV318,Ovary/Fallopian Tube,Ovarian Epithelial Tumor
PR-Sitlx9,2.0,39,1,ACH-002222,CTV1,Lymphoid,Mature T and NK Neoplasms
PR-SlqWmK,3.0,39,25,ACH-002107,ES6,Bone,Ewing Sarcoma
PR-SmHH3N,4.0,39,17,ACH-000941,HEC1B,Uterus,Endometrial Carcinoma
PR-SngPym,3.0,41,33,ACH-000635,SNU119,Ovary/Fallopian Tube,Ovarian Epithelial Tumor
PR-SnpeaT,2.0,39,1,ACH-002242,HC1,Lymphoid,Mature B-Cell Neoplasms
PR-SoW4cJ,3.0,39,23,ACH-000205,PK59,Pancreas,Pancreatic Adenocarcinoma
PR-SqG7aO,2.0,39,2,ACH-000056,DOHH2,Lymphoid,Mature B-Cell Neoplasms
PR-StXnXE,3.0,39,20,ACH-002093,CHSA0108,Bone,Chondrosarcoma
PR-SvOJGW,4.0,41,21,ACH-001740,RH28,Soft Tissue,Rhabdomyosarcoma
PR-SwrmVl,3.0,39,23,ACH-002250,JHU022,Head and Neck,Head and Neck Squamous Cell Carcinoma
PR-T2CZVa,3.0,41,19,ACH-000311,NCIH2122,Lung,Non-Small Cell Lung Cancer
PR-T3ZngO,2.0,39,5,ACH-000944,NAMALWA,Lymphoid,Mature B-Cell Neoplasms
PR-T5Bs3L,2.0,41,19,ACH-000409,OVSAHO,Ovary/Fallopian Tube,Ovarian Epithelial Tumor
PR-T5WTrk,3.0,39,20,ACH-003437,CCLFUPGI0078T,Esophagus/Stomach,Esophagogastric Adenocarcinoma
PR-T6ueCA,3.0,39,25,ACH-001358,MDAMB330,Breast,Invasive Breast Carcinoma
PR-T80Hyf,2.0,39,8,ACH-001958,MS1,Lung,Lung Neuroendocrine Tumor
PR-TAqZxy,2.0,39,13,ACH-000412,SNU1197,Bowel,Colorectal Adenocarcinoma
PR-TCCkqZ,2.0,39,12,ACH-000072,MEG01,Myeloid,Myeloproliferative Neoplasms
PR-TF1Z3V,3.0,41,23,ACH-001362,NCIH1770,Lung,Non-Small Cell Lung Cancer
PR-TLmgkJ,3.0,39,22,ACH-000569,ISTMES1,Pleura,Pleural Mesothelioma
PR-TOatoO,3.0,41,20,ACH-002030,SA3,Head and Neck,Head and Neck Squamous Cell Carcinoma
PR-TQcwbW,2.0,39,16,ACH-002135,H2869,Pleura,Pleural Mesothelioma
PR-TRwlmt,4.0,41,29,ACH-000466,SNU216,Esophagus/Stomach,Esophagogastric Adenocarcinoma
PR-TRx6qN,2.0,41,10,ACH-000076,NCO2,Myeloid,Myeloproliferative Neoplasms
PR-TUwXM3,3.0,39,20,ACH-001693,UPCISCC072,Head and Neck,Head and Neck Squamous Cell Carcinoma
PR-TYbIdm,2.0,39,0,ACH-002374,HCC1599BL,Lymphoid,Non-Cancerous
PR-Tek4yt,2.0,39,4,ACH-002257,KINGS1,CNS/Brain,Diffuse Glioma
PR-Th0Tcz,2.0,41,19,ACH-000192,MFE280,Uterus,Endometrial Carcinoma
PR-Tm9gPE,3.0,41,23,ACH-000164,PANC1,Pancreas,Pancreatic Adenocarcinoma
PR-TnhbP6,4.0,41,25,ACH-000810,SKMEL30,Skin,Melanoma
PR-TpjQn4,3.0,39,21,ACH-000976,HUCCT1,Biliary Tract,Intraductal Papillary Neoplasm of the Bile Duct
PR-TsIoQA,3.0,40,20,ACH-000882,IGR1,Skin,Melanoma
PR-TvKzhh,2.0,39,0,ACH-000224,HS819T,Fibroblast,Non-Cancerous
PR-TwcRx7,4.0,41,28,ACH-002470,OS186,Bone,Osteosarcoma
PR-TyCr4L,2.0,39,3,ACH-002392,SC1,Lymphoid,Mature B-Cell Neoplasms
PR-TyXr4o,3.0,41,20,ACH-000355,NCIH82,Lung,Lung Neuroendocrine Tumor
PR-TzMb0x,2.0,39,11,ACH-000518,CAL33,Head and Neck,Head and Neck Squamous Cell Carcinoma
PR-U2fdjq,2.0,39,0,ACH-000998,CW2,Bowel,Colorectal Adenocarcinoma
PR-U5IgY1,2.0,39,16,ACH-000255,LMSU,Esophagus/Stomach,Esophagogastric Adenocarcinoma
PR-U81Lgm,4.0,39,5,ACH-002124,H2373,Pleura,Pleural Mesothelioma
PR-UAFuXt,2.0,39,6,ACH-002273,ML2,Myeloid,Acute Myeloid Leukemia
PR-UASMsg,3.0,41,18,ACH-002526,SNU1327,Lung,Non-Small Cell Lung Cancer
PR-UAyqFG,4.0,41,11,ACH-002501,RMZ,Soft Tissue,Rhabdomyosarcoma
PR-UC7qTj,4.0,41,25,ACH-000527,OVISE,Ovary/Fallopian Tube,Ovarian Epithelial Tumor
PR-ULagYi,2.0,39,5,ACH-000980,NCIH1155,Lung,Non-Small Cell Lung Cancer
PR-UOSXFI,4.0,39,23,ACH-000677,SW1573,Lung,Non-Small Cell Lung Cancer
PR-UOveiJ,3.0,41,23,ACH-000510,NCIH1299,Lung,Non-Small Cell Lung Cancer
PR-UPMOnp,4.0,41,28,ACH-000975,HCC2450,Lung,Non-Small Cell Lung Cancer
PR-UTZoJl,3.0,41,21,ACH-002681,538MGBA,CNS/Brain,Diffuse Glioma
PR-UYg6uV,3.0,42,25,ACH-002512,MM160113,Skin,Melanoma
PR-UaW9gv,3.0,39,15,ACH-001437,1618K,Testis,Non-Seminomatous Germ Cell Tumor
PR-UcL778,4.0,39,26,ACH-000323,42MGBA,CNS/Brain,Diffuse Glioma
PR-UjQ0Q2,2.0,39,0,ACH-000284,HS840T,Fibroblast,Non-Cancerous
PR-UrpBYx,2.0,39,0,ACH-001345,GP5D,Bowel,Colorectal Adenocarcinoma
PR-V0CO22,2.0,41,7,ACH-000316,SNU886,Liver,Hepatocellular Carcinoma
PR-V1Tfkf,4.0,41,27,ACH-000352,HCC1428,Breast,Invasive Breast Carcinoma
PR-V4DbaQ,2.0,39,0,ACH-002346,CP50EBV,Normal,Non-Cancerous
PR-V5ECBf,2.0,41,2,ACH-001128,MON,Soft Tissue,Rhabdoid Cancer
PR-V5gLbW,2.0,41,6,ACH-000263,KASUMI1,Myeloid,Acute Myeloid Leukemia
PR-VCeNaZ,2.0,39,10,ACH-001388,SUM102PT,Breast,Invasive Breast Carcinoma
PR-VCqemJ,2.0,39,9,ACH-001335,C4II,Cervix,Cervical Squamous Cell Carcinoma
PR-VGraRK,2.0,41,0,ACH-001712,HS860T,Bone,Osteosarcoma
PR-VHuCQ4,2.0,39,4,ACH-001603,NH12,Peripheral Nervous System,Neuroblastoma
PR-VJ4QO4,3.0,39,22,ACH-002225,D263MG,CNS/Brain,Diffuse Glioma
PR-VJskD1,3.0,39,26,ACH-000876,MDAMB415,Breast,Invasive Breast Carcinoma
PR-VLStra,4.0,39,26,ACH-000863,DBTRG05MG,CNS/Brain,Diffuse Glioma
PR-VLTXhP,4.0,41,22,ACH-000019,MCF7,Breast,Invasive Breast Carcinoma
PR-VLl1A3,3.0,39,17,ACH-002143,ISTMEL1,Skin,Melanoma
PR-VPHL4s,2.0,42,9,ACH-000244,DKMG,CNS/Brain,Diffuse Glioma
PR-VVVniJ,3.0,39,22,ACH-000026,253JBV,Bladder/Urinary Tract,Bladder Urothelial Carcinoma
PR-VY6lxi,2.0,41,0,ACH-000538,HUTU80,Bowel,Small Bowel Cancer
PR-VfXZwU,4.0,39,18,ACH-000380,KMS12BM,Lymphoid,Mature B-Cell Neoplasms
PR-VqAoGS,2.0,39,10,ACH-001450,BLUE1,Lymphoid,Mature B-Cell Neoplasms
PR-Vts9ic,3.0,42,25,ACH-000359,MG63,Bone,Osteosarcoma
PR-VuD5rl,4.0,41,31,ACH-000894,NCIH1869,Lung,Non-Small Cell Lung Cancer
PR-VuYr6p,2.0,41,12,ACH-000651,SW620,Bowel,Colorectal Adenocarcinoma
PR-VvDpP0,3.0,39,18,ACH-000547,HT1197,Bladder/Urinary Tract,Bladder Urothelial Carcinoma
PR-W05ZUE,3.0,39,24,ACH-001379,PACADD161,Pancreas,Pancreatic Adenocarcinoma
PR-W6TbGf,2.0,42,4,ACH-001676,TY82,Head and Neck,"Head and Neck Carcinoma, Other"
PR-W9yGhh,4.0,39,27,ACH-000254,SCC15,Head and Neck,Head and Neck Squamous Cell Carcinoma
PR-WBnZkt,2.0,41,16,ACH-000273,SF539,CNS/Brain,Diffuse Glioma
PR-WH8Zs5,3.0,39,20,ACH-001032,CHLA32,Bone,Ewing Sarcoma
PR-WHoiZN,3.0,39,20,ACH-000209,SNU1079,Biliary Tract,Intraductal Papillary Neoplasm of the Bile Duct
PR-WIWH9f,3.0,41,18,ACH-002459,HT144SKINFV3,Skin,Melanoma
PR-WKTDpU,2.0,41,7,ACH-001647,SHI1,Myeloid,Acute Myeloid Leukemia
PR-WKuuI6,2.0,41,1,ACH-002059,P30OHK,Lymphoid,B-Lymphoblastic Leukemia/Lymphoma
PR-WNpEYB,3.0,39,22,ACH-000584,JHOS4,Ovary/Fallopian Tube,Ovarian Epithelial Tumor
PR-WO3P3h,2.0,41,7,ACH-001097,KARPAS384,Lymphoid,Mature T and NK Neoplasms
PR-WO4QLw,3.0,42,24,ACH-000401,COLO800,Skin,Melanoma
PR-WQDDwP,2.0,39,19,ACH-002312,TGBC24TKB,Biliary Tract,Intracholecystic Papillary Neoplasm
PR-WRa9AK,3.0,41,24,ACH-000711,JIMT1,Breast,Invasive Breast Carcinoma
PR-WRtyNt,4.0,39,14,ACH-000916,NCIH1573,Lung,Non-Small Cell Lung Cancer
PR-WT0UBI,3.0,39,28,ACH-000585,EPLC272H,Lung,Non-Small Cell Lung Cancer
PR-WTMdUL,2.0,39,3,ACH-001423,CCLFPEDS0002T,Kidney,Wilms' Tumor
PR-WU0LTt,2.0,39,1,ACH-002272,MHHPREB1,Lymphoid,Non-Hodgkin Lymphoma
PR-WWRXPx,3.0,42,29,ACH-000370,SNU626,CNS/Brain,Diffuse Glioma
PR-WXjyA3,3.0,39,13,ACH-001529,JAR,Uterus,Gestational Trophoblastic Disease
PR-WZHiO9,2.0,39,0,ACH-000125,TO175T,Fibroblast,Non-Cancerous
PR-WZZ0aJ,3.0,39,24,ACH-002199,SN12C,Kidney,Renal Cell Carcinoma
PR-WZtkzQ,3.0,39,22,ACH-002089,201T,Lung,Non-Small Cell Lung Cancer
PR-Wa2xOE,4.0,41,32,ACH-000302,SNU1077,Uterus,Endometrial Carcinoma
PR-WbTN8k,4.0,39,24,ACH-002132,H2804,Pleura,Pleural Mesothelioma
PR-WdDv1i,4.0,39,23,ACH-002397,KMHDASH2,Thyroid,Anaplastic Thyroid Cancer
PR-WfmELG,2.0,39,11,ACH-002196,SBC1,Lung,Lung Neuroendocrine Tumor
PR-WgUzdj,4.0,39,22,ACH-000138,CFPAC1,Pancreas,Pancreatic Adenocarcinoma
PR-WguVHw,4.0,39,25,ACH-000689,RH18,Soft Tissue,Rhabdomyosarcoma
PR-WjpsOP,2.0,39,13,ACH-002292,OACP4C,Esophagus/Stomach,Esophagogastric Adenocarcinoma
PR-WzXIVp,2.0,41,19,ACH-002460,HT144SKINFV2,Skin,Melanoma
PR-WzbTYh,4.0,41,20,ACH-000676,LN464,CNS/Brain,Diffuse Glioma
PR-X5mbcD,2.0,39,15,ACH-002251,JHU029,Head and Neck,Head and Neck Squamous Cell Carcinoma
PR-X8sCBt,3.0,40,19,ACH-000030,PC14,Lung,Non-Small Cell Lung Cancer
PR-X96ugW,3.0,41,18,ACH-000768,MDAMB231,Breast,Invasive Breast Carcinoma
PR-XCLaFP,4.0,39,11,ACH-001340,COV413A,Ovary/Fallopian Tube,Ovarian Epithelial Tumor
PR-XDGHfi,4.0,41,25,ACH-000738,GB1,CNS/Brain,Diffuse Glioma
PR-XDaSGk,2.0,39,1,ACH-001310,HA1E,Kidney,Non-Cancerous
PR-XFxyxc,3.0,39,22,ACH-001566,MM370,Skin,Melanoma
PR-XHNuX5,3.0,39,18,ACH-001645,SEKI,Skin,Melanoma
PR-XHbOKZ,2.0,39,3,ACH-000772,TE441T,Soft Tissue,CIC-DUX4 Sarcoma
PR-XKO1VZ,2.0,39,1,ACH-002431,CCLFPEDS0014T1,Peripheral Nervous System,Neuroblastoma
PR-XROOQD,3.0,39,22,ACH-000377,SNU478,Ampulla of Vater,Ampullary Carcinoma
PR-XTCfjw,2.0,39,11,ACH-000590,NCIH2073,Lung,Non-Small Cell Lung Cancer
PR-XVtuiY,2.0,41,4,ACH-002677,U2946,Lymphoid,Mature B-Cell Neoplasms
PR-XW4pvi,3.0,39,16,ACH-002208,YMB1E,Breast,Invasive Breast Carcinoma
PR-XWNNMT,2.0,39,7,ACH-002248,IMR5,Peripheral Nervous System,Neuroblastoma
PR-XZ0NkH,2.0,41,3,ACH-000052,A673,Bone,Ewing Sarcoma
PR-XcC2fL,2.0,39,2,ACH-000106,JVM2,Lymphoid,Mature B-Cell Neoplasms
PR-Xcdqi8,2.0,39,4,ACH-000032,MHHCALL3,Lymphoid,B-Lymphoblastic Leukemia/Lymphoma
PR-XdBZqt,3.0,39,21,ACH-001048,COV504,Ovary/Fallopian Tube,Ovarian Epithelial Tumor
PR-XeLdka,4.0,41,19,ACH-000163,SW579,Head and Neck,Head and Neck Squamous Cell Carcinoma
PR-Xhtv3P,3.0,39,19,ACH-001698,UPCISCC116,Head and Neck,Head and Neck Squamous Cell Carcinoma
PR-XiLnRf,2.0,39,5,ACH-002210,ARH77,Myeloid,Non-Cancerous
PR-XnNruP,2.0,39,0,ACH-002353,LB2241EBV,Normal,Non-Cancerous
PR-XnS0fU,4.0,41,23,ACH-000724,HT1376,Bladder/Urinary Tract,Bladder Urothelial Carcinoma
PR-XqU6xJ,4.0,39,17,ACH-000469,YH13,CNS/Brain,Diffuse Glioma
PR-XuGTpJ,3.0,41,20,ACH-000400,SKCO1,Bowel,Colorectal Adenocarcinoma
PR-XuaRbz,4.0,41,26,ACH-000704,OAW42,Ovary/Fallopian Tube,Ovarian Epithelial Tumor
PR-XwvS9a,3.0,39,17,ACH-000565,RCM1,Bowel,Colorectal Adenocarcinoma
PR-XxnYbe,4.0,41,26,ACH-002648,CX03,Uterus,Endometrial Carcinoma
PR-Xxrn4L,4.0,39,23,ACH-001511,H413,Head and Neck,Head and Neck Squamous Cell Carcinoma
PR-Y2Q9WR,2.0,41,22,ACH-000709,KMRC2,Kidney,Renal Cell Carcinoma
PR-Y4M65x,2.0,41,19,ACH-003106,RC,Lymphoid,Mature B-Cell Neoplasms
PR-Y6KPlY,2.0,41,3,ACH-002027,HOUAI,Uterus,Endometrial Carcinoma
PR-Y9AJZJ,2.0,39,0,ACH-002381,HCC2157BL,Lymphoid,Non-Cancerous
PR-YB7Ihh,3.0,41,20,ACH-003012,A549CRAFKD,Lung,Non-Small Cell Lung Cancer
PR-YBkTES,4.0,39,19,ACH-000204,LP1,Lymphoid,Mature B-Cell Neoplasms
PR-YBrjCk,2.0,41,13,ACH-001029,CHLA10,Bone,Ewing Sarcoma
PR-YCiZWz,2.0,39,0,ACH-000529,T173,Fibroblast,Non-Cancerous
PR-YJBstR,2.0,41,13,ACH-001618,OCIM2,Myeloid,Acute Myeloid Leukemia
PR-YJpl8R,3.0,41,22,ACH-000286,SNU1033,Bowel,Colorectal Adenocarcinoma
PR-YNAqeW,2.0,41,3,ACH-001684,UCSDAML1,Myeloid,Acute Myeloid Leukemia
PR-YS6dsK,3.0,42,18,ACH-000215,LN382,CNS/Brain,Diffuse Glioma
PR-YWsnzi,2.0,39,0,ACH-000134,HS274T,Fibroblast,Non-Cancerous
PR-YWxy3X,3.0,41,16,ACH-000614,RVH421,Skin,Melanoma
PR-YXlKWL,3.0,41,23,ACH-000888,NCIH1793,Lung,Non-Small Cell Lung Cancer
PR-YYirlb,3.0,41,17,ACH-000219,A375,Skin,Melanoma
PR-YazqZR,3.0,39,23,ACH-001510,H376,Head and Neck,Head and Neck Squamous Cell Carcinoma
PR-Yf6hXD,2.0,41,3,ACH-002463,RPE1SS77,Eye,Non-Cancerous
PR-YhyskV,4.0,39,21,ACH-000935,MDST8,Bowel,Colorectal Adenocarcinoma
PR-Yiw9el,3.0,39,23,ACH-002162,MMACSF,Skin,Melanoma
PR-Yjy61f,3.0,41,6,ACH-001993,NALM16,Lymphoid,B-Lymphoblastic Leukemia/Lymphoma
PR-YkFyBd,2.0,40,5,ACH-000061,HH,Lymphoid,Non-Hodgkin Lymphoma
PR-Yr8PjQ,4.0,41,25,ACH-000804,NB1,Peripheral Nervous System,Neuroblastoma
PR-Yx8AAk,3.0,41,20,ACH-000018,T24,Bladder/Urinary Tract,Bladder Urothelial Carcinoma
PR-YyLPhD,4.0,39,20,ACH-001344,GIMEN,Peripheral Nervous System,Neuroblastoma
PR-Yybm32,2.0,39,6,ACH-002262,KY821,Myeloid,Acute Myeloid Leukemia
PR-Z29WnC,3.0,41,19,ACH-000422,SNU475,Liver,Hepatocellular Carcinoma
PR-Z2rciA,2.0,40,14,ACH-001428,CCLFPEDS0010T,Bone,Ewing Sarcoma
PR-Z48fd0,2.0,39,16,ACH-002150,LB1047RCC,Kidney,Renal Cell Carcinoma
PR-Z6ygbb,2.0,39,7,ACH-000414,NCIH1944,Lung,Non-Small Cell Lung Cancer
PR-Z7RHS2,3.0,41,13,ACH-001398,SW156,Kidney,Renal Cell Carcinoma
PR-ZH3h2j,3.0,39,24,ACH-000066,HCC4006,Lung,Non-Small Cell Lung Cancer
PR-ZLhvp0,3.0,39,19,ACH-000115,VCAP,Prostate,Prostate Adenocarcinoma
PR-ZMEDE0,3.0,41,22,ACH-000005,HEL9217,Myeloid,Acute Myeloid Leukemia
PR-ZMmdCl,3.0,39,16,ACH-002096,CP50MELB,Skin,Melanoma
PR-ZQMIEy,4.0,39,23,ACH-000984,HEC6,Uterus,Endometrial Carcinoma
PR-ZQyKh4,3.0,39,24,ACH-001384,RO82W1,Thyroid,Well-Differentiated Thyroid Cancer
PR-ZU3ok7,2.0,39,1,ACH-000991,SNU81,Bowel,Colorectal Adenocarcinoma
PR-ZUTeZC,2.0,39,6,ACH-003473,CCLFPEDS0013T,Soft Tissue,Rhabdomyosarcoma
PR-ZUgx91,3.0,39,27,ACH-001375,PACADD119,Pancreas,Pancreatic Adenocarcinoma
PR-ZWkBLk,4.0,41,14,ACH-000325,SNU620,Esophagus/Stomach,Esophagogastric Adenocarcinoma
PR-ZXBMUP,2.0,39,11,ACH-001410,UMUC4,Bladder/Urinary Tract,Bladder Urothelial Carcinoma
PR-ZXiFr9,4.0,39,16,ACH-001050,CW9019,Soft Tissue,Rhabdomyosarcoma
PR-ZYtjVT,2.0,40,15,ACH-000278,COV362,Ovary/Fallopian Tube,Ovarian Epithelial Tumor
PR-ZaxePm,3.0,41,26,ACH-000332,YAPC,Pancreas,Pancreatic Adenocarcinoma
PR-Zdrl57,3.0,41,28,ACH-002024,ECC4,Bowel,Colorectal Adenocarcinoma
PR-ZhEuUF,3.0,42,24,ACH-000985,LS411N,Bowel,Colorectal Adenocarcinoma
PR-Zi3tBO,3.0,39,22,ACH-003459,CCLFMELM0011T,Skin,Melanoma
PR-ZoU1XK,3.0,39,23,ACH-000193,KARPAS620,Lymphoid,Mature B-Cell Neoplasms
PR-ZomkXl,2.0,39,17,ACH-000675,NCIH1734,Lung,Non-Small Cell Lung Cancer
PR-ZrElIU,2.0,39,16,ACH-000886,NCIH2009,Lung,Non-Small Cell Lung Cancer
PR-ZviR3O,2.0,39,0,ACH-000287,NUDUL1,Lymphoid,Mature B-Cell Neoplasms
PR-ZzjQOA,2.0,39,9,ACH-000310,IMR32,Peripheral Nervous System,Neuroblastoma
PR-a0MJ1U,2.0,41,5,ACH-001465,CHLA136,Peripheral Nervous System,Neuroblastoma
PR-a1Hd3T,3.0,41,21,ACH-001502,GCT27,Testis,Non-Seminomatous Germ Cell Tumor
PR-a2Kg84,4.0,41,23,ACH-000212,CAL120,Breast,Invasive Breast Carcinoma
PR-a5T2sI,2.0,39,9,ACH-002094,CHSA8926,Bone,Chondrosarcoma
PR-a87IXe,2.0,39,5,ACH-002274,MLMA,Lymphoid,Mature B-Cell Neoplasms
PR-a8EG9o,4.0,39,22,ACH-000591,LN235,CNS/Brain,Diffuse Glioma
PR-aDtlbv,4.0,41,31,ACH-000524,KURAMOCHI,Ovary/Fallopian Tube,Ovarian Epithelial Tumor
PR-aEbAHG,3.0,39,17,ACH-002153,LB373MELD,Skin,Melanoma
PR-aF1MTe,2.0,41,17,ACH-001990,NZM7,Skin,Melanoma
PR-aFJEFo,3.0,39,18,ACH-002099,CS1,Bone,Chondrosarcoma
PR-aFx2RI,2.0,39,10,ACH-000274,HS852T,Skin,Melanoma
PR-aHHBb9,2.0,39,4,ACH-001664,SNU638,Esophagus/Stomach,Esophagogastric Adenocarcinoma
PR-aP2PPs,2.0,42,4,ACH-002047,HIRSBM,Uterus,Endometrial Carcinoma
PR-aPcu78,3.0,39,24,ACH-001041,CHL1DM,Skin,Melanoma
PR-aQbC5a,3.0,41,22,ACH-000653,JJN3,Lymphoid,Mature B-Cell Neoplasms
PR-aX3Sfy,2.0,41,9,ACH-002215,BC3,Lymphoid,Mature B-Cell Neoplasms
PR-aXILcs,2.0,39,0,ACH-002276,MYM12,Myeloid,Acute Leukemias of Ambiguous Lineage
PR-aZnSMf,3.0,42,19,ACH-000706,EKVX,Lung,Non-Small Cell Lung Cancer
PR-abv1Dv,2.0,39,3,ACH-000534,WSUDLCL2,Lymphoid,Mature B-Cell Neoplasms
PR-ac6dwC,3.0,41,18,ACH-002399,21NT,Breast,Invasive Breast Carcinoma
PR-ajQnpq,2.0,39,0,ACH-001498,FARAGE,Lymphoid,Mature B-Cell Neoplasms
PR-amLslQ,2.0,41,20,ACH-001151,OVCAR5,Ovary/Fallopian Tube,Ovarian Epithelial Tumor
PR-apl6oj,3.0,41,20,ACH-000435,EFE184,Uterus,Endometrial Carcinoma
PR-aprFtM,2.0,42,8,ACH-000487,F36P,Myeloid,Myelodysplastic Syndromes
PR-aqBSZU,3.0,42,21,ACH-001577,MUTZ8,Myeloid,Acute Myeloid Leukemia
PR-aqFo8p,3.0,39,20,ACH-001332,BICR78,Head and Neck,Head and Neck Squamous Cell Carcinoma
PR-au8O9i,4.0,41,18,ACH-000727,NCIH2066,Lung,Lung Neuroendocrine Tumor
PR-axXePt,2.0,39,11,ACH-002220,CROAP2,Lymphoid,Mature B-Cell Neoplasms
PR-b3YKAJ,4.0,41,34,ACH-002664,JVE253,Bowel,Colorectal Adenocarcinoma
PR-b45Wgm,2.0,39,7,ACH-001451,BOKU,Cervix,Cervical Squamous Cell Carcinoma
PR-b6SuFY,2.0,39,18,ACH-001513,HCA1,Cervix,Cervical Adenocarcinoma
PR-bBX617,4.0,41,17,ACH-000756,GI1,CNS/Brain,Diffuse Glioma
PR-bDxA3a,3.0,42,35,ACH-000679,OE19,Esophagus/Stomach,Esophageal Squamous Cell Carcinoma
PR-bFagWx,2.0,41,11,ACH-000771,BICR56,Head and Neck,Head and Neck Squamous Cell Carcinoma
PR-bFkp19,2.0,39,8,ACH-000087,SKES1,Bone,Ewing Sarcoma
PR-bI4Uy3,4.0,39,19,ACH-000342,CL14,Bowel,Colorectal Adenocarcinoma
PR-bJVBIL,2.0,41,16,ACH-002781,NCCDCS1C1,Bone,Chondrosarcoma
PR-bKVUeM,4.0,41,14,ACH-000368,SNU1105,CNS/Brain,Diffuse Glioma
PR-bLARMO,3.0,39,22,ACH-002123,H2369,Pleura,Pleural Mesothelioma
PR-bLDw8z,4.0,41,16,ACH-001441,921,Eye,Ocular Melanoma
PR-bO1fo6,4.0,39,4,ACH-002102,EMCBAC2,Lung,Non-Small Cell Lung Cancer
PR-bPOZxz,2.0,39,7,ACH-000611,SUDHL6,Lymphoid,Mature B-Cell Neoplasms
PR-bQzhGw,2.0,39,10,ACH-001855,OZ,Biliary Tract,Intraductal Papillary Neoplasm of the Bile Duct
PR-bR1uy1,3.0,41,16,ACH-000233,DEL,Lymphoid,Mature T and NK Neoplasms
PR-bRG72C,3.0,39,19,ACH-000181,SCC9,Head and Neck,Head and Neck Squamous Cell Carcinoma
PR-bWucLt,4.0,39,21,ACH-000465,SKMEL1,Skin,Melanoma
PR-bcH5U5,4.0,41,21,ACH-001060,DL40,Lymphoid,Mature T and NK Neoplasms
PR-bdhY8L,3.0,41,18,ACH-002926,UPMD1,Eye,Ocular Melanoma
PR-bgMxsQ,3.0,41,24,ACH-000297,NCIH889,Lung,Lung Neuroendocrine Tumor
PR-bhMYSp,2.0,39,0,ACH-002357,LB771PBL,Lymphoid,Non-Cancerous
PR-blDO6C,2.0,39,3,ACH-000432,BV173,Myeloid,Myeloproliferative Neoplasms
PR-blZ2pd,2.0,42,10,ACH-001431,TC205,Bone,Ewing Sarcoma
PR-boobRt,4.0,41,29,ACH-000927,BT474,Breast,Invasive Breast Carcinoma
PR-bpXeZh,3.0,41,23,ACH-000680,SW948,Bowel,Colorectal Adenocarcinoma
PR-bql0CQ,4.0,39,18,ACH-000512,INA6,Lymphoid,Mature B-Cell Neoplasms
PR-bsFLyR,4.0,39,34,ACH-001125,MOGGCCM,CNS/Brain,Diffuse Glioma
PR-buq1qQ,2.0,39,8,ACH-002098,CP67MEL,Skin,Melanoma
PR-bzaMNn,2.0,39,0,ACH-002362,NCIBL128,Lymphoid,Non-Cancerous
PR-c3WH0h,2.0,41,25,ACH-000536,BT20,Breast,Invasive Breast Carcinoma
PR-c659kW,3.0,42,21,ACH-000839,SCABER,Bladder/Urinary Tract,Bladder Squamous Cell Carcinoma
PR-cBcN9J,2.0,39,10,ACH-000864,COLO684,Uterus,Endometrial Carcinoma
PR-cBwtP5,2.0,41,20,ACH-000865,KYSE450,Esophagus/Stomach,Esophageal Squamous Cell Carcinoma
PR-cEu8oY,2.0,39,12,ACH-002105,ES4,Bone,Ewing Sarcoma
PR-cHUO0l,2.0,39,18,ACH-001567,MM383,Skin,Melanoma
PR-cI75AX,4.0,39,21,ACH-000423,SKMEL3,Skin,Melanoma
PR-cIS47b,3.0,41,21,ACH-001699,UPCISCC131,Head and Neck,Head and Neck Squamous Cell Carcinoma
PR-cIskZW,3.0,41,23,ACH-000114,SU8686,Pancreas,Pancreatic Adenocarcinoma
PR-cJ5K5i,3.0,41,21,ACH-000568,UACC812,Breast,Invasive Breast Carcinoma
PR-cL2BVU,2.0,39,0,ACH-000214,HS675T,Fibroblast,Non-Cancerous
PR-cO6ZzX,3.0,41,31,ACH-000090,PC3,Prostate,Prostate Adenocarcinoma
PR-cPO7yw,3.0,39,18,ACH-002240,H9,Lymphoid,Mature T and NK Neoplasms
PR-cQo9SA,3.0,39,26,ACH-000109,NCIH3255,Lung,Non-Small Cell Lung Cancer
PR-cU6icv,3.0,40,23,ACH-000514,NCIH1092,Lung,Lung Neuroendocrine Tumor
PR-ciP7m4,4.0,40,15,ACH-002922,SKNMM,Peripheral Nervous System,Neuroblastoma
PR-cmDO3z,3.0,39,21,ACH-001568,MM386,Skin,Melanoma
PR-cpo7Iu,2.0,39,4,ACH-000949,TGBC11TKB,Esophagus/Stomach,Esophagogastric Adenocarcinoma
PR-cqVlaE,3.0,39,23,ACH-001544,KYAE1,Esophagus/Stomach,Esophagogastric Adenocarcinoma
PR-cqwJOU,4.0,39,18,ACH-002204,UCH2,Bone,Chordoma
PR-csN5al,2.0,39,11,ACH-000137,8MGBA,CNS/Brain,Diffuse Glioma
PR-d2uH9W,3.0,41,19,ACH-002003,A375SKINCJ3,Skin,Melanoma
PR-d3Gt2J,4.0,39,19,ACH-000424,TC71,Bone,Ewing Sarcoma
PR-d8Xeu3,4.0,41,29,ACH-000818,BT483,Breast,Invasive Breast Carcinoma
PR-dFyNJN,3.0,39,19,ACH-001318,PLCPRF5,Liver,Hepatocellular Carcinoma
PR-dIGRQn,2.0,41,13,ACH-000169,RD,Soft Tissue,Rhabdomyosarcoma
PR-dIoH1a,4.0,39,10,ACH-001786,SNU1544,Bowel,Colorectal Adenocarcinoma
PR-dLGfN8,4.0,41,25,ACH-002029,SAS,Head and Neck,Head and Neck Squamous Cell Carcinoma
PR-dRGv9A,4.0,39,27,ACH-000868,HCC1195,Lung,Non-Small Cell Lung Cancer
PR-dTN7So,2.0,39,3,ACH-000922,RCHACV,Lymphoid,B-Lymphoblastic Leukemia/Lymphoma
PR-dTy3Nb,2.0,39,7,ACH-002165,MZ2MEL,Skin,Melanoma
PR-dU5OV4,3.0,39,20,ACH-001521,HKA1,Skin,Cutaneous Squamous Cell Carcinoma
PR-dUc5lh,3.0,42,26,ACH-002925,UPMM3,Eye,Ocular Melanoma
PR-dUx44m,4.0,39,16,ACH-001807,LPS067,Soft Tissue,Liposarcoma
PR-dYE1Ic,3.0,41,21,ACH-000515,HCC33,Lung,Lung Neuroendocrine Tumor
PR-dl7baN,4.0,39,19,ACH-002440,CCLFTHYR0008T,Thyroid,Well-Differentiated Thyroid Cancer
PR-dnLHT0,3.0,39,20,ACH-001497,ESO51,Esophagus/Stomach,Esophagogastric Adenocarcinoma
PR-doNNha,2.0,39,0,ACH-000918,MOLT16,Lymphoid,T-Lymphoblastic Leukemia/Lymphoma
PR-dsHkxo,4.0,39,20,ACH-001353,JOPACA1,Pancreas,Pancreatic Adenocarcinoma
PR-dugN3L,2.0,41,6,ACH-001669,TANOUE,Lymphoid,B-Lymphoblastic Leukemia/Lymphoma
PR-dvnpCj,4.0,39,16,ACH-001382,PACADD188,Pancreas,Pancreatic Adenocarcinoma
PR-e0e2Uf,5.0,39,21,ACH-000556,SIHA,Cervix,Cervical Squamous Cell Carcinoma
PR-e2DqLA,4.0,41,26,ACH-002660,JVE187,Bowel,Colorectal Adenocarcinoma
PR-e4k1Rx,4.0,41,21,ACH-001239,WM2664,Skin,Melanoma
PR-e7ykXF,4.0,39,31,ACH-000133,HS729,Fibroblast,Non-Cancerous
PR-eC8Vkw,3.0,41,20,ACH-001979,NZM11,Skin,Melanoma
PR-eDbeAr,4.0,41,9,ACH-000258,DU4475,Breast,Invasive Breast Carcinoma
PR-eEUZcy,2.0,39,3,ACH-001484,CI,Lymphoid,Mature B-Cell Neoplasms
PR-eHZJvZ,3.0,39,23,ACH-002310,SW872,Soft Tissue,Liposarcoma
PR-eJKW7S,2.0,39,15,ACH-001819,MFM223,Breast,Invasive Breast Carcinoma
PR-eK1c8R,3.0,39,12,ACH-002461,RVH421SKINFV1,Skin,Melanoma
PR-eN29bJ,2.0,39,3,ACH-000449,MESSA,Uterus,Uterine Sarcoma/Mesenchymal
PR-eTh7sY,2.0,39,12,ACH-001365,NCIH847,Lung,Lung Neuroendocrine Tumor
PR-eUFjmR,2.0,39,9,ACH-000398,RI1,Lymphoid,Mature B-Cell Neoplasms
PR-eUfoVk,2.0,39,8,ACH-001500,FLO1,Esophagus/Stomach,Esophagogastric Adenocarcinoma
PR-eVFKjZ,3.0,42,27,ACH-000021,NCIH1693,Lung,Non-Small Cell Lung Cancer
PR-eW4uZr,2.0,39,3,ACH-002301,RF48,Lymphoid,Non-Hodgkin Lymphoma
PR-eXCb19,3.0,39,17,ACH-000761,NUGC2,Esophagus/Stomach,Esophagogastric Adenocarcinoma
PR-eawROX,3.0,39,20,ACH-000112,SIGM5,Myeloid,Acute Myeloid Leukemia
PR-eb0GsA,3.0,39,31,ACH-000390,LUDLU1,Lung,Non-Small Cell Lung Cancer
PR-ebX2pq,3.0,41,20,ACH-000041,RDES,Bone,Ewing Sarcoma
PR-ejTtKM,3.0,41,25,ACH-002433,CCLFPEDS0019T,Bone,Osteosarcoma
PR-elakr5,4.0,41,32,ACH-001697,UPCISCC114,Head and Neck,Head and Neck Squamous Cell Carcinoma
PR-eleyUv,3.0,41,27,ACH-000187,CORL311,Lung,Lung Neuroendocrine Tumor
PR-eqqLfG,2.0,39,20,ACH-002444,CCLFUPGI0003T,Esophagus/Stomach,Esophagogastric Adenocarcinoma
PR-eqyUyf,3.0,39,19,ACH-000746,GSS,Esophagus/Stomach,Esophagogastric Adenocarcinoma
PR-exCH50,3.0,41,26,ACH-000548,BHY,Head and Neck,Head and Neck Squamous Cell Carcinoma
PR-ey4Yyh,2.0,41,12,ACH-000118,HUPT3,Pancreas,Pancreatic Adenocarcinoma
PR-ez1rNy,4.0,41,20,ACH-000238,SCC4,Head and Neck,Head and Neck Squamous Cell Carcinoma
PR-f1OPax,3.0,39,19,ACH-001540,KMLS1,Soft Tissue,Liposarcoma
PR-f22YyN,4.0,39,14,ACH-002388,MET2B,Skin,Melanoma
PR-f2NT4P,2.0,41,0,ACH-000957,LS180,Bowel,Colorectal Adenocarcinoma
PR-f3Q8vc,2.0,41,13,ACH-003108,HF,Lymphoid,Mature B-Cell Neoplasms
PR-f3aeaA,4.0,39,18,ACH-002235,DSH1,Bladder/Urinary Tract,Bladder Urothelial Carcinoma
PR-f4mZsh,2.0,39,21,ACH-000765,WM983B,Skin,Melanoma
PR-f4sBTR,3.0,39,22,ACH-000503,BICR16,Head and Neck,Head and Neck Squamous Cell Carcinoma
PR-f7h4Ex,3.0,39,19,ACH-000327,NCIH1395,Lung,Non-Small Cell Lung Cancer
PR-f99RFb,2.0,41,4,ACH-000763,MM1S,Lymphoid,Mature B-Cell Neoplasms
PR-fAUVnh,4.0,39,24,ACH-000615,SKMEL28,Skin,Melanoma
PR-fBKnqX,2.0,39,6,ACH-002109,ES8,Bone,Ewing Sarcoma
PR-fBhmJ1,3.0,41,24,ACH-003071,NCIH748,Lung,Lung Neuroendocrine Tumor
PR-fCUMvS,3.0,39,24,ACH-002095,CORL303,Lung,Lung Neuroendocrine Tumor
PR-fIitxU,2.0,39,15,ACH-000225,ECC12,Esophagus/Stomach,Esophagogastric Adenocarcinoma
PR-fK9BDe,4.0,39,25,ACH-001416,UMUC9,Bladder/Urinary Tract,Bladder Urothelial Carcinoma
PR-fOsxTk,3.0,39,19,ACH-000158,OCILY3,Lymphoid,Mature B-Cell Neoplasms
PR-fRV9F5,3.0,41,27,ACH-001196,SMSCTR,Soft Tissue,Rhabdomyosarcoma
PR-fS57Uz,3.0,39,14,ACH-001847,ICC7,Biliary Tract,Intraductal Papillary Neoplasm of the Bile Duct
PR-fUygzs,4.0,39,25,ACH-001137,NCIH1993,Lung,Non-Small Cell Lung Cancer
PR-fXLYEJ,4.0,42,16,ACH-001433,CCLFPEDS0008T,Soft Tissue,Epithelioid Sarcoma
PR-fXpf9F,4.0,41,21,ACH-000773,KIJK,Lymphoid,Mature T and NK Neoplasms
PR-fZpHRq,4.0,41,29,ACH-001996,ICC18,Biliary Tract,Intraductal Papillary Neoplasm of the Bile Duct
PR-fboip1,4.0,41,3,ACH-001046,CORL26,Lung,Lung Neuroendocrine Tumor
PR-feKElS,4.0,39,21,ACH-002200,SW962,Vulva/Vagina,Mucosal Melanoma of the Vulva/Vagina
PR-fi9A8c,2.0,39,12,ACH-002100,DJM1,Skin,Cutaneous Squamous Cell Carcinoma
PR-fiCrEH,3.0,39,10,ACH-000962,OC314,Ovary/Fallopian Tube,Ovarian Epithelial Tumor
PR-fsqxV3,4.0,42,19,ACH-000228,BICR31,Head and Neck,Head and Neck Squamous Cell Carcinoma
PR-ftXSpi,2.0,39,7,ACH-002466,RPE1SS111,Eye,Non-Cancerous
PR-fuJcby,3.0,39,24,ACH-001999,9505BIK,Pancreas,Pancreatic Adenocarcinoma
PR-fx9kEA,4.0,39,10,ACH-001563,MM127,Skin,Melanoma
PR-g3kS9D,2.0,39,9,ACH-001203,SUPHD1,Lymphoid,Hodgkin Lymphoma
PR-g5QF67,2.0,41,5,ACH-002464,RPE1SS6,Eye,Non-Cancerous
PR-g5rswH,2.0,41,20,ACH-002074,LU143,Lung,Lung Neuroendocrine Tumor
PR-g73uDb,2.0,39,9,ACH-000404,K029AX,Skin,Melanoma
PR-g96FHP,2.0,39,2,ACH-000070,697,Lymphoid,B-Lymphoblastic Leukemia/Lymphoma
PR-gCW6Ej,2.0,39,8,ACH-000249,CL11,Bowel,Colorectal Adenocarcinoma
PR-gEc0bf,4.0,42,20,ACH-000703,DMS79,Lung,Lung Neuroendocrine Tumor
PR-gEo6Dy,3.0,39,19,ACH-001016,BECKER,CNS/Brain,Diffuse Glioma
PR-gHfNU1,3.0,42,25,ACH-000623,SNU201,CNS/Brain,Diffuse Glioma
PR-gNQqcU,2.0,39,1,ACH-002302,RPMI8866,Myeloid,Myeloproliferative Neoplasms
PR-gOgH6x,2.0,41,2,ACH-002016,MEL290,Eye,Ocular Melanoma
PR-gOyGAM,4.0,39,15,ACH-002216,BE13,Lymphoid,T-Lymphoblastic Leukemia/Lymphoma
PR-gSDwyR,3.0,39,24,ACH-000860,NCIH358,Lung,Non-Small Cell Lung Cancer
PR-gWKHTe,2.0,39,3,ACH-002114,EW16,Bone,Ewing Sarcoma
PR-gYTIm3,4.0,39,16,ACH-002258,KMOE2,Myeloid,Acute Myeloid Leukemia
PR-gjPobh,4.0,42,27,ACH-000477,MALME3M,Skin,Melanoma
PR-gkmgBd,2.0,41,19,ACH-002780,NCCES1C1,Bone,Ewing Sarcoma
PR-grhyYE,2.0,39,0,ACH-000877,EB1,Lymphoid,Mature B-Cell Neoplasms
PR-griMjn,4.0,41,25,ACH-001624,ONDA9,CNS/Brain,Diffuse Glioma
PR-gtCMcX,3.0,39,23,ACH-002286,NCIH128,Lung,Lung Neuroendocrine Tumor
PR-gtpkTx,4.0,41,21,ACH-001036,CMK115,Myeloid,Acute Myeloid Leukemia
PR-gxuPCo,2.0,41,2,ACH-000059,SUPB15,Lymphoid,B-Lymphoblastic Leukemia/Lymphoma
PR-h1jXJL,4.0,41,31,ACH-000148,HS578T,Breast,Invasive Breast Carcinoma
PR-h2XOKt,2.0,41,6,ACH-000580,C32,Skin,Melanoma
PR-h5NMdB,4.0,39,23,ACH-002264,KYSE50,Esophagus/Stomach,Esophageal Squamous Cell Carcinoma
PR-h8BzuB,2.0,39,10,ACH-001442,A388,Skin,Cutaneous Squamous Cell Carcinoma
PR-h8FBoU,3.0,39,24,ACH-001233,VMRCLCD,Lung,Non-Small Cell Lung Cancer
PR-hGNA0B,3.0,41,15,ACH-001280,SCS214,Soft Tissue,Synovial Sarcoma
PR-hJcExB,3.0,40,17,ACH-000097,ZR751,Breast,Invasive Breast Carcinoma
PR-hK64QW,3.0,41,23,ACH-000338,SR786,Lymphoid,Mature T and NK Neoplasms
PR-hMA5Xe,3.0,42,29,ACH-001695,UPCISCC099,Head and Neck,Head and Neck Squamous Cell Carcinoma
PR-hTO7AX,3.0,41,29,ACH-000628,NCIH596,Lung,Non-Small Cell Lung Cancer
PR-hVRrXM,3.0,41,23,ACH-000023,PATU8988T,Pancreas,Pancreatic Adenocarcinoma
PR-hVwjEz,4.0,39,25,ACH-002139,HA7RCC,Kidney,Renal Cell Carcinoma
PR-hXZzXy,2.0,39,13,ACH-002110,EW1,Bone,Ewing Sarcoma
PR-hXuoiL,2.0,39,0,ACH-002384,HCC1954BL,Lymphoid,Non-Cancerous
PR-hbHzo5,3.0,41,2,ACH-002475,HAP1,Myeloid,Myeloproliferative Neoplasms
PR-hceF11,2.0,39,5,ACH-001162,PCM6,Lymphoid,Mature B-Cell Neoplasms
PR-hclMO0,3.0,40,15,ACH-002002,A375SKINCJ2,Skin,Melanoma
PR-hfq8Sa,2.0,41,11,ACH-000583,MC116,Lymphoid,Non-Hodgkin Lymphoma
PR-hhpPii,2.0,39,6,ACH-000933,SNU324,Pancreas,Pancreatic Adenocarcinoma
PR-hkuteC,2.0,39,0,ACH-001093,HS604T,Fibroblast,Non-Cancerous
PR-hluHxj,2.0,39,0,ACH-002372,NCIBL2171,Lymphoid,Non-Cancerous
PR-hqvIZ0,4.0,41,33,ACH-002705,IS076P,Esophagus/Stomach,Esophagogastric Adenocarcinoma
PR-hs2Mvr,5.0,39,28,ACH-000383,OE33,Esophagus/Stomach,Esophagogastric Adenocarcinoma
PR-hvlDoR,3.0,41,21,ACH-002004,UACC62SKINCJ1,Skin,Melanoma
PR-hwbxfR,2.0,39,15,ACH-000186,NCIH2444,Lung,Non-Small Cell Lung Cancer
PR-hy3gz2,2.0,39,3,ACH-000707,P3HR1,Lymphoid,Mature B-Cell Neoplasms
PR-hz54pd,2.0,39,9,ACH-000557,AML193,Myeloid,Acute Myeloid Leukemia
PR-hzeifo,3.0,41,23,ACH-000098,GAMG,CNS/Brain,Diffuse Glioma
PR-hzq9Ct,4.0,39,26,ACH-001599,NCIH64,Lung,Lung Neuroendocrine Tumor
PR-i0a92e,3.0,39,17,ACH-001098,KCIMOH1,Pancreas,Pancreatic Adenocarcinoma
PR-i3038K,2.0,42,9,ACH-000373,SKM1,Myeloid,Acute Myeloid Leukemia
PR-i3IpRu,4.0,39,19,ACH-000828,ZR7530,Breast,Invasive Breast Carcinoma
PR-i4D3ah,4.0,39,10,ACH-001386,SCLC22H,Lung,Lung Neuroendocrine Tumor
PR-i4s165,4.0,41,36,ACH-001670,TASK1,CNS/Brain,Embryonal Tumor
PR-i6J3tN,2.0,39,9,ACH-000902,CAL148,Breast,Invasive Breast Carcinoma
PR-iAFHQp,3.0,39,19,ACH-000268,SNU245,Biliary Tract,Intraductal Papillary Neoplasm of the Bile Duct
PR-iCR9h9,3.0,39,22,ACH-001692,UPCISCC040,Head and Neck,Head and Neck Squamous Cell Carcinoma
PR-iHY2zH,2.0,41,18,ACH-000490,SF767,Cervix,Cervical Squamous Cell Carcinoma
PR-iK1nqp,3.0,41,26,ACH-000085,T3M4,Pancreas,Pancreatic Adenocarcinoma
PR-iLYNrK,2.0,41,12,ACH-003273,CHRF28811,Myeloid,Acute Myeloid Leukemia
PR-iMfpfU,2.0,39,8,ACH-002113,EW13,Bone,Ewing Sarcoma
PR-iR9IHK,2.0,39,5,ACH-000336,OCIAML3,Myeloid,Acute Myeloid Leukemia
PR-iTqaF5,4.0,41,22,ACH-001745,RHJT,Soft Tissue,Rhabdomyosarcoma
PR-iVaYeh,2.0,41,0,ACH-002050,HTST,Other,Extra Gonadal Germ Cell Tumor
PR-iXWzlb,2.0,42,13,ACH-000421,SW837,Bowel,Colorectal Adenocarcinoma
PR-iXXp7w,5.0,41,34,ACH-001560,MERO83,Pleura,Pleural Mesothelioma
PR-ib1INl,2.0,39,18,ACH-002169,NCIH1304,Lung,Lung Neuroendocrine Tumor
PR-ictHbx,2.0,39,0,ACH-000795,MOLT13,Lymphoid,T-Lymphoblastic Leukemia/Lymphoma
PR-idqkoH,2.0,39,2,ACH-002299,QIMRWIL,Myeloid,Acute Myeloid Leukemia
PR-if8jun,4.0,39,17,ACH-002140,HEY,Ovary/Fallopian Tube,Ovarian Epithelial Tumor
PR-ifMZ87,2.0,39,3,ACH-001634,PGA1,Lymphoid,Mature B-Cell Neoplasms
PR-ifjSuo,2.0,39,19,ACH-000799,HS695T,Skin,Melanoma
PR-ig2DWN,2.0,41,0,ACH-000946,HEC265,Uterus,Endometrial Carcinoma
PR-illyAu,3.0,39,18,ACH-000625,HEP3B217,Liver,Hepatocellular Carcinoma
PR-ittzCo,4.0,40,22,ACH-001976,MM603,Skin,Melanoma
PR-izr1JZ,2.0,39,0,ACH-000540,HS606T,Fibroblast,Non-Cancerous
PR-j4aaE8,2.0,41,1,ACH-000602,M07E,Myeloid,Acute Myeloid Leukemia
PR-j5Qvx9,3.0,39,18,ACH-002265,LB771HNC,Head and Neck,Head and Neck Squamous Cell Carcinoma
PR-jGkzxR,2.0,39,1,ACH-001163,CCLFPEDS0001T,Kidney,Renal Cell Carcinoma
PR-jL0LWf,3.0,41,21,ACH-001509,H357,Head and Neck,Head and Neck Squamous Cell Carcinoma
PR-jLWDOq,3.0,39,14,ACH-000806,L540,Lymphoid,Hodgkin Lymphoma
PR-jMdExQ,3.0,39,29,ACH-000397,TEN,Uterus,Endometrial Carcinoma
PR-jSG90W,3.0,39,25,ACH-002171,NCIH250,Lung,Lung Neuroendocrine Tumor
PR-jSRrFC,2.0,39,8,ACH-001355,LAN6,Peripheral Nervous System,Neuroblastoma
PR-jU9Qik,2.0,39,0,ACH-002347,CP66EBV,Normal,Non-Cancerous
PR-jVSw8t,4.0,39,19,ACH-002306,STS0421,Esophagus/Stomach,Esophagogastric Adenocarcinoma
PR-jcuIuZ,4.0,39,19,ACH-000303,SNU5,Esophagus/Stomach,Esophagogastric Adenocarcinoma
PR-jd06v8,2.0,39,6,ACH-002160,MCIXC,Bone,Ewing Sarcoma
PR-jdCmbg,4.0,41,21,ACH-001053,D425,CNS/Brain,Embryonal Tumor
PR-jdOrba,3.0,41,29,ACH-000147,T47D,Breast,Invasive Breast Carcinoma
PR-jhR7Fa,4.0,39,26,ACH-000807,SNU738,CNS/Brain,Diffuse Glioma
PR-jhmhyz,3.0,41,22,ACH-002794,NCCMFS1C1,Soft Tissue,Myxofibrosarcoma
PR-jlPc3h,3.0,39,25,ACH-001672,TERA2,Testis,Non-Seminomatous Germ Cell Tumor
PR-jo1gJI,3.0,39,16,ACH-002159,M14,Skin,Melanoma
PR-jonoJG,2.0,42,9,ACH-000439,ME1,Myeloid,Acute Myeloid Leukemia
PR-jp8FU0,3.0,39,20,ACH-002108,ES7,Bone,Ewing Sarcoma
PR-jvsZI3,2.0,39,9,ACH-001490,CORL321,Lung,Non-Small Cell Lung Cancer
PR-jxcWCl,2.0,39,2,ACH-000418,SW1353,Bone,Chondrosarcoma
PR-jyEzcx,4.0,41,21,ACH-000752,NCIH196,Lung,SMARCA4-deficient undifferentiated tumor
PR-k4hRnW,4.0,39,22,ACH-000107,CAPAN2,Pancreas,Pancreatic Adenocarcinoma
PR-k5CObx,4.0,41,26,ACH-000196,HCC1599,Breast,Invasive Breast Carcinoma
PR-k85cfM,4.0,40,4,ACH-002784,NCCUPS2C1,Soft Tissue,Undifferentiated Pleomorphic Sarcoma/Malignant Fibrous Histiocytoma/High-Grade Spindle Cell Sarcoma
PR-kERVrz,3.0,39,24,ACH-000236,SW1417,Bowel,Colorectal Adenocarcinoma
PR-kEWjFH,3.0,39,17,ACH-000787,LXF289,Lung,Non-Small Cell Lung Cancer
PR-kFAA0q,2.0,39,0,ACH-002380,COLO829BL,Lymphoid,Non-Cancerous
PR-kFdiwY,3.0,39,25,ACH-001523,HSC1,Skin,Cutaneous Squamous Cell Carcinoma
PR-kGWDgS,2.0,42,3,ACH-002795,NCCCDS1X1C1,Soft Tissue,CIC-DUX4 Sarcoma
PR-kJNOeS,3.0,41,20,ACH-000670,SBC5,Lung,Lung Neuroendocrine Tumor
PR-kL47E1,3.0,39,20,ACH-002282,NB17,Peripheral Nervous System,Neuroblastoma
PR-kPl0Je,4.0,39,16,ACH-001277,YAMATO,Soft Tissue,Synovial Sarcoma
PR-kRqGcx,3.0,41,16,ACH-000921,NCIH157DM,Lung,Non-Small Cell Lung Cancer
PR-kYV614,2.0,39,22,ACH-001654,SKGT4,Esophagus/Stomach,Esophagogastric Adenocarcinoma
PR-kcqeyj,2.0,39,0,ACH-001767,CCLFPEDS0018T,Fibroblast,Non-Cancerous
PR-kdOuZg,3.0,41,22,ACH-000870,NCIH1930,Lung,Lung Neuroendocrine Tumor
PR-kka0OO,3.0,39,22,ACH-003430,CCLFPANC0002T,Pancreas,Pancreatic Adenocarcinoma
PR-kmc4Ev,2.0,41,4,ACH-000206,C8166,Lymphoid,T-Lymphoblastic Leukemia/Lymphoma
PR-ko8bDr,3.0,41,15,ACH-000662,CORL23,Lung,Non-Small Cell Lung Cancer
PR-ko9wUu,2.0,39,4,ACH-000567,ST486,Lymphoid,Mature B-Cell Neoplasms
PR-koOM8l,3.0,39,21,ACH-003476,CCLFHNSC0002T,Head and Neck,Head and Neck Squamous Cell Carcinoma
PR-ktQIpp,4.0,39,24,ACH-000692,SNU899,Head and Neck,Head and Neck Squamous Cell Carcinoma
PR-ktkgBR,2.0,39,1,ACH-002218,CESS,Myeloid,Acute Myeloid Leukemia
PR-kuQnIb,2.0,39,9,ACH-000695,CORL47,Lung,Lung Neuroendocrine Tumor
PR-kxQdo2,2.0,42,6,ACH-002528,SNU267,Kidney,Renal Cell Carcinoma
PR-kyhOao,3.0,41,19,ACH-000232,U251MG,CNS/Brain,Diffuse Glioma
PR-l1KgW6,2.0,39,6,ACH-000245,BL41,Lymphoid,Mature B-Cell Neoplasms
PR-l2porG,4.0,39,24,ACH-001054,D458,CNS/Brain,Embryonal Tumor
PR-lJ2Tej,3.0,40,19,ACH-002787,NCCPRMS1C1,Soft Tissue,Rhabdomyosarcoma
PR-lLEXIT,2.0,41,3,ACH-001134,MYLA,Lymphoid,T-Lymphoblastic Leukemia/Lymphoma
PR-lRsNFJ,3.0,39,25,ACH-000369,MOLM16,Myeloid,Acute Myeloid Leukemia
PR-lVpAZb,3.0,41,15,ACH-000664,SUDHL1,Lymphoid,Mature T and NK Neoplasms
PR-lWcPsZ,4.0,39,22,ACH-000028,KPL1,Breast,Invasive Breast Carcinoma
PR-leaaZd,2.0,39,6,ACH-002183,OVMIU,Ovary/Fallopian Tube,Ovarian Epithelial Tumor
PR-lipqdd,2.0,41,7,ACH-000341,SKNFI,Peripheral Nervous System,Neuroblastoma
PR-lj2b9S,3.0,39,18,ACH-002278,NB10,Peripheral Nervous System,Neuroblastoma
PR-llr0IA,2.0,39,1,ACH-001617,OCILY7,Lymphoid,Mature B-Cell Neoplasms
PR-lmPNPp,2.0,42,17,ACH-000202,COLO320,Bowel,Colorectal Adenocarcinoma
PR-loIhBM,2.0,39,9,ACH-002201,TCYIK,Cervix,Small Cell Carcinoma of the Cervix
PR-lsXdrW,3.0,41,28,ACH-002647,CCC5,Biliary Tract,Intraductal Papillary Neoplasm of the Bile Duct
PR-lt2zJJ,4.0,39,12,ACH-002097,CP66MEL,Skin,Melanoma
PR-lt3s9Y,2.0,41,6,ACH-001295,Y79,Eye,Retinoblastoma
PR-lwhrTx,3.0,39,22,ACH-001690,UPCISCC026,Head and Neck,Head and Neck Squamous Cell Carcinoma
PR-lygO7l,3.0,41,26,ACH-000408,TE5,Esophagus/Stomach,Esophageal Squamous Cell Carcinoma
PR-lz47pG,4.0,41,21,ACH-000009,C2BBE1,Bowel,Colorectal Adenocarcinoma
PR-lzNIhF,3.0,39,23,ACH-001673,TFK1,Biliary Tract,Intraductal Papillary Neoplasm of the Bile Duct
PR-lzNVRi,4.0,39,25,ACH-000646,OVMANA,Ovary/Fallopian Tube,Ovarian Epithelial Tumor
PR-m3ZoDr,3.0,39,28,ACH-003429,CCLFPANC0074T,Pancreas,Pancreatic Adenocarcinoma
PR-m8B5zD,3.0,39,17,ACH-003433,CCLFPANC0019T,Pancreas,Pancreatic Adenocarcinoma
PR-mCAIMI,2.0,39,3,ACH-000798,CL40,Bowel,Colorectal Adenocarcinoma
PR-mCDWfb,2.0,39,6,ACH-000105,ALLSIL,Lymphoid,Mature T and NK Neoplasms
PR-mCq0mE,2.0,41,3,ACH-001735,SEMK2,Lymphoid,B-Lymphoblastic Leukemia/Lymphoma
PR-mDPnd1,2.0,39,5,ACH-000388,NUDHL1,Lymphoid,Mature B-Cell Neoplasms
PR-mFjyo0,2.0,39,4,ACH-000346,JVM3,Lymphoid,Mature B-Cell Neoplasms
PR-mGujHd,3.0,42,17,ACH-000627,LCLC103H,Lung,Non-Small Cell Lung Cancer
PR-mH1G4k,3.0,39,22,ACH-001524,HSC5,Skin,Cutaneous Squamous Cell Carcinoma
PR-mITze7,2.0,41,20,ACH-003177,NRHUPS1,Soft Tissue,Undifferentiated Pleomorphic Sarcoma/Malignant Fibrous Histiocytoma/High-Grade Spindle Cell Sarcoma
PR-mML1gU,3.0,42,27,ACH-002013,MM28,Eye,Ocular Melanoma
PR-mURINF,4.0,39,25,ACH-000385,SKRC52,Kidney,Renal Cell Carcinoma
PR-mWFxwu,4.0,39,11,ACH-002256,KARPAS45,Lymphoid,T-Lymphoblastic Leukemia/Lymphoma
PR-mXKNsQ,3.0,39,15,ACH-001530,JEG3,Uterus,Gestational Trophoblastic Disease
PR-mXR4Uw,4.0,39,21,ACH-001459,C80,Bowel,Colorectal Adenocarcinoma
PR-mXUTIx,3.0,39,27,ACH-000453,MOLP2,Lymphoid,Mature B-Cell Neoplasms
PR-mYuOXb,3.0,41,28,ACH-001992,ONE58,Pleura,Pleural Mesothelioma
PR-mZFuZt,2.0,39,10,ACH-002192,RCCMF,Kidney,Renal Cell Carcinoma
PR-maGG5v,2.0,39,0,ACH-002419,CCLFOVPA0001T,Uterus,Endometrial Carcinoma
PR-maqskN,2.0,41,10,ACH-000912,NCIH2286,Lung,Lung Neuroendocrine Tumor
PR-mbct9S,3.0,39,26,ACH-002296,PCI38,Head and Neck,Head and Neck Squamous Cell Carcinoma
PR-mdehro,2.0,41,18,ACH-002035,LCAM1,Lung,Non-Small Cell Lung Cancer
PR-meswUv,2.0,41,8,ACH-001147,OCILY12,Lymphoid,Mature T and NK Neoplasms
PR-mg1MNZ,3.0,39,22,ACH-002133,H2810,Pleura,Pleural Mesothelioma
PR-mqIBwn,2.0,41,2,ACH-000104,LOUCY,Lymphoid,T-Lymphoblastic Leukemia/Lymphoma
PR-mtEr02,2.0,39,2,ACH-002355,LB373EBV,Normal,Non-Cancerous
PR-mvKyWh,4.0,42,18,ACH-000783,CAMA1,Breast,Invasive Breast Carcinoma
PR-n0eBhD,2.0,39,11,ACH-002122,GT3TKB,Lung,Non-Small Cell Lung Cancer
PR-n3idzY,2.0,39,3,ACH-002190,RCCJF,Kidney,Renal Cell Carcinoma
PR-n4PHas,3.0,39,24,ACH-000630,YD8,Head and Neck,Head and Neck Squamous Cell Carcinoma
PR-n7TWY6,3.0,39,24,ACH-000726,TE14,Esophagus/Stomach,Esophageal Squamous Cell Carcinoma
PR-nBvsae,3.0,39,22,ACH-000392,CALU3,Lung,Non-Small Cell Lung Cancer
PR-nH0ObA,3.0,42,24,ACH-001623,ONDA8,CNS/Brain,Diffuse Glioma
PR-nIugZV,4.0,42,29,ACH-002508,WM3211,Skin,Melanoma
PR-nKNzNH,3.0,41,19,ACH-000455,LN428,CNS/Brain,Diffuse Glioma
PR-nMEXwD,3.0,39,23,ACH-002311,TE12,Esophagus/Stomach,Esophageal Squamous Cell Carcinoma
PR-nMG9sD,2.0,39,6,ACH-002197,SBC3,Lung,Lung Neuroendocrine Tumor
PR-nNoRvY,2.0,39,15,ACH-000604,KYO1,Myeloid,Myeloproliferative Neoplasms
PR-nQXJzs,3.0,39,19,ACH-000588,KMS26,Lymphoid,Mature B-Cell Neoplasms
PR-nRs8Pi,3.0,39,23,ACH-001138,NCIH2141,Lung,Lung Neuroendocrine Tumor
PR-nSOT6p,2.0,41,7,ACH-002020,SKGIIIA,Cervix,Cervical Squamous Cell Carcinoma
PR-nUWhyf,2.0,39,2,ACH-001427,CCLFPEDS0007T,Bone,Ewing Sarcoma
PR-nUdKoV,2.0,39,6,ACH-000609,SF126,CNS/Brain,Diffuse Glioma
PR-naG97a,3.0,39,19,ACH-001411,UMUC5,Bladder/Urinary Tract,Bladder Squamous Cell Carcinoma
PR-ngot7H,2.0,39,4,ACH-000081,GDM1,Myeloid,Acute Myeloid Leukemia
PR-nsZxe5,3.0,41,21,ACH-000683,SNU503,Bowel,Colorectal Adenocarcinoma
PR-ntPyxk,3.0,39,10,ACH-001145,OC316,Ovary/Fallopian Tube,Ovarian Epithelial Tumor
PR-ntlhBz,3.0,42,25,ACH-001227,UPCISCC090,Head and Neck,Head and Neck Squamous Cell Carcinoma
PR-o1Zpln,2.0,39,9,ACH-000881,MELJUSO,Skin,Melanoma
PR-o3m2Xg,2.0,39,2,ACH-000960,REH,Lymphoid,B-Lymphoblastic Leukemia/Lymphoma
PR-oBE1tw,2.0,41,7,ACH-001303,NB1643,Peripheral Nervous System,Neuroblastoma
PR-oC95H5,3.0,39,27,ACH-002179,OCUBM,Breast,Invasive Breast Carcinoma
PR-oFRLBK,4.0,41,28,ACH-000671,HUH6,Liver,Hepatoblastoma
PR-oKCH5w,3.0,41,16,ACH-000681,A549,Lung,Non-Small Cell Lung Cancer
PR-oOIkJ2,2.0,41,14,ACH-001430,TC138,Bone,Ewing Sarcoma
PR-oRjvwk,4.0,41,22,ACH-000924,NCIH2172,Lung,Non-Small Cell Lung Cancer
PR-oWDWeY,3.0,41,39,ACH-002669,KP363T,Bowel,Colorectal Adenocarcinoma
PR-oXrdOg,3.0,41,24,ACH-000144,RERFGC1B,Esophagus/Stomach,Esophagogastric Adenocarcinoma
PR-oaKAIZ,4.0,39,22,ACH-000682,SNU1066,Head and Neck,Head and Neck Squamous Cell Carcinoma
PR-oavctB,2.0,39,5,ACH-000326,JURLMK1,Myeloid,Myeloproliferative Neoplasms
PR-oc1tWJ,4.0,41,25,ACH-000809,KYSE410,Esophagus/Stomach,Esophageal Squamous Cell Carcinoma
PR-oe5b6J,4.0,39,26,ACH-000700,NCIH2882,Lung,Non-Small Cell Lung Cancer
PR-og81ZO,3.0,39,21,ACH-000757,A427,Lung,Non-Small Cell Lung Cancer
PR-oisawM,3.0,42,23,ACH-000767,NCIH526,Lung,Lung Neuroendocrine Tumor
PR-oj10m2,3.0,41,22,ACH-000669,SW900,Lung,Non-Small Cell Lung Cancer
PR-onxKlt,2.0,39,18,ACH-000917,TE4,Esophagus/Stomach,Esophageal Squamous Cell Carcinoma
PR-oqZkYM,4.0,41,20,ACH-000128,LN319,CNS/Brain,Diffuse Glioma
PR-otGOcY,3.0,41,24,ACH-002075,LU138,Lung,Lung Neuroendocrine Tumor
PR-p0FcrJ,2.0,41,9,ACH-002019,HOKUG,Cervix,Glassy Cell Carcinoma of the Cervix
PR-p32XuQ,3.0,42,32,ACH-000849,MDAMB468,Breast,Invasive Breast Carcinoma
PR-p4KnHJ,3.0,39,22,ACH-001270,127399,Soft Tissue,Synovial Sarcoma
PR-pAeJPE,2.0,39,4,ACH-002130,H2795,Pleura,Pleural Mesothelioma
PR-pBrljT,3.0,41,23,ACH-002040,HMVII,Vulva/Vagina,Mucosal Melanoma of the Vulva/Vagina
PR-pHYEPj,4.0,39,28,ACH-000110,NCCSTCK140,Esophagus/Stomach,Esophagogastric Adenocarcinoma
PR-pIrp51,2.0,41,10,ACH-000259,KELLY,Peripheral Nervous System,Neuroblastoma
PR-pP13nB,2.0,39,8,ACH-001570,MM426,Skin,Melanoma
PR-pQYCmp,3.0,41,21,ACH-000559,NCIH1836,Lung,Lung Neuroendocrine Tumor
PR-pRti9C,4.0,41,17,ACH-001200,STM9101,Kidney,Rhabdoid Cancer
PR-pTi2a3,2.0,39,7,ACH-000519,PEER,Lymphoid,T-Lymphoblastic Leukemia/Lymphoma
PR-pYHfy7,2.0,42,0,ACH-000096,G401,Kidney,Rhabdoid Cancer
PR-pajigv,2.0,39,4,ACH-001539,KML1,Lymphoid,Mature B-Cell Neoplasms
PR-pdqtLg,3.0,41,18,ACH-000499,EW8,Bone,Ewing Sarcoma
PR-phRbn2,4.0,41,26,ACH-002046,HTMMT,Uterus,Endometrial Carcinoma
PR-piUHST,2.0,39,0,ACH-002343,BB49EBV,Normal,Non-Cancerous
PR-pjbvTk,4.0,39,24,ACH-002193,RERFLCFM,Lung,Lung Neuroendocrine Tumor
PR-pm4VVX,3.0,41,26,ACH-001608,NP2,CNS/Brain,Diffuse Glioma
PR-pnv2Q0,2.0,42,11,ACH-000732,PECAPJ41CLONED2,Head and Neck,Head and Neck Squamous Cell Carcinoma
PR-poHcHD,2.0,39,10,ACH-000618,SNU1041,Head and Neck,Head and Neck Squamous Cell Carcinoma
PR-poR0GY,3.0,41,24,ACH-000129,NCIH1341,Lung,SMARCA4-deficient undifferentiated tumor
PR-ppRdDh,3.0,41,23,ACH-000574,FUOV1,Ovary/Fallopian Tube,Ovarian Epithelial Tumor
PR-pqyD89,5.0,39,27,ACH-001834,ICC10,Biliary Tract,Intraductal Papillary Neoplasm of the Bile Duct
PR-psGRjS,4.0,39,9,ACH-001346,H103,Head and Neck,Head and Neck Squamous Cell Carcinoma
PR-ptLF3i,4.0,41,23,ACH-000493,SNU423,Liver,Hepatocellular Carcinoma
PR-pyNSbW,3.0,39,27,ACH-001605,NO10,CNS/Brain,Diffuse Glioma
PR-pz76Ci,4.0,41,18,ACH-000132,JHOS2,Ovary/Fallopian Tube,Ovarian Epithelial Tumor
PR-pzvZFc,2.0,41,2,ACH-001210,TTC1240,Kidney,Rhabdoid Cancer
PR-q5rdqp,2.0,39,1,ACH-002937,CCLFPEDS0020T,Kidney,Wilms' Tumor
PR-q6ZR6Z,2.0,39,0,ACH-003456,CCLFMELM0006T,Skin,Melanoma
PR-q7gHJz,2.0,41,1,ACH-002796,NCCCDS1X3C1,Soft Tissue,CIC-DUX4 Sarcoma
PR-q9IpON,3.0,39,19,ACH-001848,ICC8,Biliary Tract,Intraductal Papillary Neoplasm of the Bile Duct
PR-q9VmGQ,2.0,39,19,ACH-000417,PANC0813,Pancreas,Pancreatic Adenocarcinoma
PR-qCkqEL,3.0,41,24,ACH-000714,KMS11,Lymphoid,Mature B-Cell Neoplasms
PR-qCwKEA,4.0,39,21,ACH-001328,A431,Skin,Cutaneous Squamous Cell Carcinoma
PR-qJdgaX,2.0,41,6,ACH-001492,DOGKIT,Lymphoid,Mature B-Cell Neoplasms
PR-qLmgDV,2.0,42,16,ACH-001980,NZM12,Skin,Melanoma
PR-qMKheG,3.0,39,18,ACH-002280,NB13,Peripheral Nervous System,Neuroblastoma
PR-qMuiGJ,3.0,39,20,ACH-001607,NOZ,Biliary Tract,Intracholecystic Papillary Neoplasm
PR-qOn2lx,3.0,39,22,ACH-001089,HLE,Liver,Hepatocellular Carcinoma
PR-qOxoEw,3.0,42,21,ACH-001814,OS252,Bone,Osteosarcoma
PR-qXaD5w,2.0,39,16,ACH-003468,CCLFTHYR0003T,Thyroid,Anaplastic Thyroid Cancer
PR-qY1GC4,2.0,39,6,ACH-000002,HL60,Myeloid,Acute Myeloid Leukemia
PR-qapH05,3.0,39,13,ACH-000751,OCIM1,Myeloid,Acute Myeloid Leukemia
PR-qc2Wdd,2.0,39,0,ACH-002358,LB831EBV,Lymphoid,Non-Cancerous
PR-qfOEgU,2.0,41,2,ACH-002026,HHUA,Uterus,Endometrial Carcinoma
PR-ql2TEI,3.0,39,27,ACH-001394,SUM229PE,Breast,Invasive Breast Carcinoma
PR-qmmet5,3.0,41,20,ACH-000840,HCC366,Lung,Non-Small Cell Lung Cancer
PR-qoc7KB,3.0,41,21,ACH-000301,LAMA84,Myeloid,Myeloproliferative Neoplasms
PR-qqdlfv,3.0,39,26,ACH-000501,LS123,Bowel,Colorectal Adenocarcinoma
PR-qriRkB,3.0,41,21,ACH-002523,SNU739,Liver,Hepatocellular Carcinoma
PR-qw2Sxc,2.0,39,4,ACH-002284,NB6,Peripheral Nervous System,Neuroblastoma
PR-qwNCQ4,2.0,39,6,ACH-000562,HCC78,Lung,Non-Small Cell Lung Cancer
PR-qxp9RO,2.0,42,3,ACH-001813,C242,Bone,Osteosarcoma
PR-r0b4cz,2.0,39,12,ACH-000078,MHHNB11,Peripheral Nervous System,Neuroblastoma
PR-r5ZcIl,4.0,41,37,ACH-001974,MM537,Skin,Melanoma
PR-r7FfpC,2.0,39,19,ACH-002243,HCE4,Esophagus/Stomach,Esophageal Squamous Cell Carcinoma
PR-r8D1FM,3.0,39,20,ACH-000089,NCIH684,Bowel,Colorectal Adenocarcinoma
PR-r8H4nA,4.0,39,23,ACH-001839,ICC137,Biliary Tract,Intraductal Papillary Neoplasm of the Bile Duct
PR-rAi6i6,2.0,41,0,ACH-001020,BT16,CNS/Brain,Embryonal Tumor
PR-rCh6Mh,4.0,39,25,ACH-002178,NY,Bone,Osteosarcoma
PR-rCsB4y,2.0,39,11,ACH-000151,JM1,Lymphoid,B-Lymphoblastic Leukemia/Lymphoma
PR-rIEjXG,2.0,39,3,ACH-002277,NBTU110,Peripheral Nervous System,Neuroblastoma
PR-rJaHLi,2.0,39,8,ACH-001334,C4I,Cervix,Cervical Squamous Cell Carcinoma
PR-rKEOie,4.0,41,23,ACH-002510,M040416,Skin,Melanoma
PR-rPKxdw,3.0,42,21,ACH-000174,CAL62,Thyroid,Anaplastic Thyroid Cancer
PR-rUMa0e,4.0,39,11,ACH-000994,HEC59,Uterus,Endometrial Carcinoma
PR-rUvmIM,4.0,41,17,ACH-001711,PFSK1,CNS/Brain,Embryonal Tumor
PR-rVZ8uS,2.0,39,3,ACH-001678,U2940,Lymphoid,Mature B-Cell Neoplasms
PR-rWrc4g,3.0,39,18,ACH-000835,GCT,Soft Tissue,Undifferentiated Pleomorphic Sarcoma/Malignant Fibrous Histiocytoma/High-Grade Spindle Cell Sarcoma
PR-rXTNbR,4.0,39,19,ACH-002289,NK92MI,Lymphoid,T-Lymphoblastic Leukemia/Lymphoma
PR-raOtPC,3.0,39,4,ACH-000020,MHHCALL2,Lymphoid,B-Lymphoblastic Leukemia/Lymphoma
PR-rcGiQh,3.0,39,18,ACH-001960,CCSW1,Biliary Tract,Intraductal Papillary Neoplasm of the Bile Duct
PR-rdwJ5O,2.0,39,5,ACH-002221,CTB1,Lymphoid,Mature B-Cell Neoplasms
PR-reftw6,3.0,39,20,ACH-002363,NCIBL1395,Lymphoid,Non-Cancerous
PR-rf0POO,4.0,42,24,ACH-001701,UPCISCC200,Head and Neck,Head and Neck Squamous Cell Carcinoma
PR-rgs88K,3.0,41,20,ACH-000778,HSC3,Head and Neck,Head and Neck Squamous Cell Carcinoma
PR-rllCnB,3.0,42,22,ACH-000320,PSN1,Pancreas,Pancreatic Adenocarcinoma
PR-rmiFGJ,4.0,41,27,ACH-002010,MP41,Eye,Ocular Melanoma
PR-roGbFO,2.0,42,15,ACH-000624,HCC1806,Breast,Breast Ductal Carcinoma In Situ
PR-rsoNmY,4.0,41,10,ACH-000943,RKO,Bowel,Colorectal Adenocarcinoma
PR-ru7QtA,3.0,39,12,ACH-002288,NEC8,Testis,Non-Seminomatous Germ Cell Tumor
PR-rwtCag,3.0,39,21,ACH-002091,CAL39,Vulva/Vagina,Squamous Cell Carcinoma of the Vulva/Vagina
PR-rzmIld,3.0,41,16,ACH-000831,HEC50B,Uterus,Endometrial Carcinoma
PR-s2krk3,4.0,39,22,ACH-001628,PEA1,Ovary/Fallopian Tube,Ovarian Epithelial Tumor
PR-s6xfW4,3.0,41,21,ACH-000013,ONCODG1,Ovary/Fallopian Tube,Ovarian Epithelial Tumor
PR-s9Eho8,5.0,39,25,ACH-000305,ECGI10,Esophagus/Stomach,Esophageal Squamous Cell Carcinoma
PR-s9g3cg,3.0,39,17,ACH-000296,OUMS23,Bowel,Colorectal Adenocarcinoma
PR-s9uzxe,4.0,41,11,ACH-000290,NCIH209,Lung,Lung Neuroendocrine Tumor
PR-sBaaMQ,3.0,41,23,ACH-000308,EFO21,Ovary/Fallopian Tube,Ovarian Epithelial Tumor
PR-sDMrS8,3.0,39,20,ACH-000873,KYSE270,Esophagus/Stomach,Esophageal Squamous Cell Carcinoma
PR-sE0XKo,3.0,41,22,ACH-002023,TGBC18TKB,Ampulla of Vater,Ampullary Carcinoma
PR-sHNnEP,2.0,41,5,ACH-001211,TTC549,Soft Tissue,Rhabdoid Cancer
PR-sHhvwZ,5.0,41,23,ACH-000047,GCIY,Esophagus/Stomach,Esophagogastric Adenocarcinoma
PR-sJO4Iz,2.0,39,15,ACH-000182,SNU869,Ampulla of Vater,Ampullary Carcinoma
PR-sKTs2p,4.0,41,23,ACH-000464,CAS1,CNS/Brain,Diffuse Glioma
PR-sMZ5rk,2.0,39,18,ACH-000178,HS766T,Pancreas,Pancreatic Adenocarcinoma
PR-sMfubO,2.0,39,0,ACH-000063,HS616T,Fibroblast,Non-Cancerous
PR-sQS7tJ,3.0,39,12,ACH-002271,MFHINO,Soft Tissue,Undifferentiated Pleomorphic Sarcoma/Malignant Fibrous Histiocytoma/High-Grade Spindle Cell Sarcoma
PR-sR52JX,3.0,41,27,ACH-002785,NCCLMS1C1,Soft Tissue,Leiomyosarcoma
PR-sTH0JD,3.0,41,24,ACH-001977,NO36,Pleura,Pleural Mesothelioma
PR-sTuBAT,2.0,39,13,ACH-000428,UO31,Kidney,Renal Cell Carcinoma
PR-sWq53R,3.0,39,18,ACH-001971,MM466,Skin,Melanoma
PR-sX8XAW,2.0,41,6,ACH-001057,DERL2,Lymphoid,Mature T and NK Neoplasms
PR-sYRyfT,2.0,39,3,ACH-002103,ES1,Bone,Ewing Sarcoma
PR-sbeUkh,3.0,40,29,ACH-000001,NIHOVCAR3,Ovary/Fallopian Tube,Ovarian Epithelial Tumor
PR-sbjG3E,3.0,41,19,ACH-002052,LU139,Lung,Lung Neuroendocrine Tumor
PR-sgXEkc,2.0,41,19,ACH-000666,NCIH1355,Lung,Non-Small Cell Lung Cancer
PR-slPVjh,3.0,41,20,ACH-001986,NZM42,Skin,Melanoma
PR-sofYL7,2.0,39,4,ACH-002467,RPE1SS51,Eye,Non-Cancerous
PR-stCYi4,3.0,39,20,ACH-002226,D336MG,CNS/Brain,Diffuse Glioma
PR-sxFiuq,3.0,41,25,ACH-000693,KYSE180,Esophagus/Stomach,Esophageal Squamous Cell Carcinoma
PR-t1P1Sr,3.0,39,15,ACH-000779,PC9,Lung,Non-Small Cell Lung Cancer
PR-t7VCy2,3.0,41,20,ACH-000511,CALU1,Lung,Non-Small Cell Lung Cancer
PR-t7z2DQ,2.0,39,0,ACH-000175,TE159T,Fibroblast,Non-Cancerous
PR-t8SaQo,4.0,41,11,ACH-000062,RERFLCMS,Lung,Non-Small Cell Lung Cancer
PR-tCtgHM,3.0,41,17,ACH-000389,H4,CNS/Brain,Diffuse Glioma
PR-tEpLCL,2.0,41,1,ACH-001059,DL,Soft Tissue,Rhabdoid Cancer
PR-tFOWBW,4.0,42,30,ACH-001704,VMRCMELG,Skin,Melanoma
PR-tG48qj,2.0,39,0,ACH-002383,HCC2218BL,Lymphoid,Non-Cancerous
PR-tGnS2w,2.0,39,9,ACH-000039,SKNMC,Bone,Ewing Sarcoma
PR-tILCVb,4.0,39,10,ACH-002229,D502MG,CNS/Brain,Diffuse Glioma
PR-tKIRoD,2.0,41,5,ACH-002643,GRANTA452,Lymphoid,B-Lymphoblastic Leukemia/Lymphoma
PR-tN3aBR,2.0,42,7,ACH-001574,MOLM14,Myeloid,Acute Myeloid Leukemia
PR-tOPQ2g,3.0,41,26,ACH-000872,HCC515,Lung,Non-Small Cell Lung Cancer
PR-tP3e6v,3.0,41,22,ACH-000800,NCIH446,Lung,Lung Neuroendocrine Tumor
PR-tQFHsq,4.0,41,26,ACH-002170,NCIH1688,Lung,Lung Neuroendocrine Tumor
PR-tRVGiP,3.0,41,19,ACH-002539,SNU1460,Bowel,Colorectal Adenocarcinoma
PR-tVr0u3,3.0,42,26,ACH-001228,UPCISCC152,Head and Neck,Head and Neck Squamous Cell Carcinoma
PR-tZNsQS,3.0,41,24,ACH-002667,JVE528,Bowel,Colorectal Adenocarcinoma
PR-ta2aWo,2.0,39,7,ACH-000386,KG1,Myeloid,Acute Myeloid Leukemia
PR-tbjuMc,2.0,42,6,ACH-000770,P31FUJ,Myeloid,Acute Myeloid Leukemia
PR-tcGtRs,2.0,41,17,ACH-000586,NCIH1876,Lung,Lung Neuroendocrine Tumor
PR-td87Mh,3.0,41,26,ACH-000395,NCIH520,Lung,Non-Small Cell Lung Cancer
PR-tearO4,2.0,39,10,ACH-001329,ANGMCSS,CNS/Brain,Diffuse Glioma
PR-tghtMl,4.0,42,17,ACH-000127,SLR20,Bladder/Urinary Tract,Bladder Urothelial Carcinoma
PR-tlSkiu,5.0,41,24,ACH-000262,UOK101,Kidney,Renal Cell Carcinoma
PR-tp1aPG,2.0,39,8,ACH-002211,BALL1,Lymphoid,B-Lymphoblastic Leukemia/Lymphoma
PR-tqUPnF,4.0,41,9,ACH-000272,SLR24,Kidney,Renal Cell Carcinoma
PR-trzETS,2.0,42,5,ACH-001201,SUMB002,CNS/Brain,Embryonal Tumor
PR-txDXl3,2.0,41,14,ACH-000639,NCIH211,Lung,Lung Neuroendocrine Tumor
PR-ty3Lml,2.0,41,2,ACH-002798,NCCDFSP2C1,Skin,Dermatofibrosarcoma Protuberans
PR-u1G9JO,2.0,41,9,ACH-000363,SKMM2,Lymphoid,Mature B-Cell Neoplasms
PR-u33CrR,2.0,41,8,ACH-002478,BC2,Lymphoid,Mature B-Cell Neoplasms
PR-u3DLBk,2.0,39,9,ACH-002126,H2591,Pleura,Pleural Mesothelioma
PR-u3pZT9,4.0,39,16,ACH-000092,NCIH2452,Pleura,Pleural Mesothelioma
PR-u5FimK,2.0,39,1,ACH-002308,SUPB8,Lymphoid,B-Lymphoblastic Leukemia/Lymphoma
PR-u5LGMv,3.0,41,19,ACH-001619,OCUG1,Biliary Tract,Intracholecystic Papillary Neoplasm
PR-u6Hr13,3.0,39,23,ACH-003469,CCLFTHYR0004T,Thyroid,Anaplastic Thyroid Cancer
PR-u8S23q,3.0,42,15,ACH-001489,CORL32,Lung,Non-Small Cell Lung Cancer
PR-uC3q5l,2.0,39,6,ACH-000312,SKNBE2,Peripheral Nervous System,Neuroblastoma
PR-uE8CeT,4.0,40,26,ACH-000347,QGP1,Pancreas,Pancreatic Neuroendocrine Tumor
PR-uFu7TD,3.0,39,26,ACH-000561,TDOTT,Esophagus/Stomach,Esophageal Squamous Cell Carcinoma
PR-uIFwjz,3.0,41,26,ACH-001350,HTCC3,Thyroid,Anaplastic Thyroid Cancer
PR-uKiczK,2.0,41,2,ACH-000402,BL70,Lymphoid,Mature B-Cell Neoplasms
PR-uKy2tK,3.0,42,28,ACH-000520,59M,Ovary/Fallopian Tube,Ovarian Epithelial Tumor
PR-uLhkBr,2.0,39,2,ACH-002092,CHSA0011,Bone,Chondrosarcoma
PR-uMouS2,3.0,39,20,ACH-002237,ETK1,Biliary Tract,Intraductal Papillary Neoplasm of the Bile Duct
PR-uN6QIJ,3.0,41,30,ACH-002018,OMM25,Eye,Ocular Melanoma
PR-uNZMrD,3.0,42,28,ACH-000712,HCC1833,Lung,Non-Small Cell Lung Cancer
PR-uRt0D1,2.0,39,0,ACH-002371,NCIBL2126,Lymphoid,Non-Cancerous
PR-uSMhrI,2.0,41,2,ACH-002290,NKM1,Myeloid,Acute Myeloid Leukemia
PR-uWKgcA,3.0,41,21,ACH-000905,5637,Bladder/Urinary Tract,Bladder Urothelial Carcinoma
PR-uY1Fyn,2.0,39,19,ACH-000973,639V,Bladder/Urinary Tract,Urethral Cancer
PR-uY72Wj,2.0,39,0,ACH-003426,CCLFNEURO0046T,Esophagus/Stomach,Esophagogastric Adenocarcinoma
PR-uYaeFm,2.0,39,7,ACH-001716,GOTO,Peripheral Nervous System,Neuroblastoma
PR-ufFe7L,3.0,41,26,ACH-000330,EFM19,Breast,Invasive Breast Carcinoma
PR-uiAmJy,2.0,39,6,ACH-000909,JHUEM2,Uterus,Endometrial Carcinoma
PR-ujr7KK,4.0,42,27,ACH-001307,8505C,Thyroid,Anaplastic Thyroid Cancer
PR-ukNBMh,3.0,41,19,ACH-000777,KYSE30,Esophagus/Stomach,Esophageal Squamous Cell Carcinoma
PR-unkPlv,2.0,39,6,ACH-001331,BICR10,Head and Neck,Head and Neck Squamous Cell Carcinoma
PR-uqGF1w,3.0,39,15,ACH-001376,PACADD135,Pancreas,Pancreatic Adenocarcinoma
PR-urSizP,3.0,39,25,ACH-001861,TGBC1TKB,Biliary Tract,Intracholecystic Papillary Neoplasm
PR-urUs9X,2.0,39,19,ACH-000472,HSC2,Head and Neck,Head and Neck Squamous Cell Carcinoma
PR-urWkad,2.0,42,19,ACH-000420,SNU449,Liver,Hepatocellular Carcinoma
PR-usLYqC,3.0,39,18,ACH-002136,H290,Pleura,Pleural Mesothelioma
PR-usYVu2,3.0,39,20,ACH-000476,JHH4,Liver,Hepatocellular Carcinoma
PR-uxMCaY,2.0,41,0,ACH-001385,RPMI2650,Head and Neck,"Head and Neck Carcinoma, Other"
PR-uyeqvA,3.0,41,26,ACH-000139,PANC0327,Pancreas,Pancreatic Adenocarcinoma
PR-uzeoir,3.0,41,20,ACH-000279,EWS502,Bone,Ewing Sarcoma
PR-v3s6l2,2.0,39,2,ACH-002245,HS445,Lymphoid,Hodgkin Lymphoma
PR-v47I4Y,3.0,41,15,ACH-002806,TB096,CNS/Brain,Diffuse Glioma
PR-v47xoc,3.0,39,20,ACH-001412,UMUC10,Bladder/Urinary Tract,Bladder Urothelial Carcinoma
PR-v6GkOV,2.0,39,0,ACH-000165,HS751T,Fibroblast,Non-Cancerous
PR-v728kC,2.0,39,0,ACH-001061,DLD1,Bowel,Colorectal Adenocarcinoma
PR-vE6f3B,4.0,41,28,ACH-000599,PATU8902,Pancreas,Pancreatic Adenocarcinoma
PR-vE8egc,4.0,42,8,ACH-002936,CCLFPEDS0043T,Soft Tissue,Rhabdomyosarcoma
PR-vGhKl3,3.0,39,22,ACH-000353,TE15,Esophagus/Stomach,Esophageal Squamous Cell Carcinoma
PR-vKyeZU,4.0,39,18,ACH-003465,CCLFHNSC0004T,Head and Neck,Head and Neck Squamous Cell Carcinoma
PR-vMnbB3,3.0,41,21,ACH-000506,NCIH146,Lung,Lung Neuroendocrine Tumor
PR-vP9GO6,4.0,39,27,ACH-001396,SUM52PE,Breast,Invasive Breast Carcinoma
PR-vPcJUK,3.0,39,22,ACH-001107,KP1N,Pancreas,Pancreatic Adenocarcinoma
PR-vW8e3y,2.0,39,0,ACH-000154,HS888T,Fibroblast,Non-Cancerous
PR-vYAqGj,4.0,41,19,ACH-000652,SUIT2,Pancreas,Pancreatic Adenocarcinoma
PR-vZtlym,2.0,39,0,ACH-002365,NCIBL1770,Lymphoid,Non-Cancerous
PR-vZyZVM,3.0,41,30,ACH-001705,VP267,Breast,Invasive Breast Carcinoma
PR-vaaJsg,4.0,39,21,ACH-000031,PANC0213,Pancreas,Pancreatic Adenocarcinoma
PR-vaxvTg,4.0,39,25,ACH-000516,CAL78,Bone,Chondrosarcoma
PR-vct1gT,2.0,39,14,ACH-000484,VMRCRCW,Kidney,Renal Cell Carcinoma
PR-vg2xl6,3.0,41,27,ACH-000250,KMRC20,Kidney,Renal Cell Carcinoma
PR-vgMZdF,3.0,41,26,ACH-003119,NCIH1450,Lung,Lung Neuroendocrine Tumor
PR-vhCGJp,2.0,41,21,ACH-002689,OS525,Bone,Osteosarcoma
PR-vhQ7Yl,2.0,41,18,ACH-000349,HCC1500,Breast,Breast Ductal Carcinoma In Situ
PR-vhjVKS,4.0,41,24,ACH-001989,NZM6,Skin,Melanoma
PR-vm6g9M,4.0,39,19,ACH-002142,HUO3N1,Bone,Osteosarcoma
PR-vnMZQb,2.0,39,5,ACH-001648,SHMAC4,Prostate,Non-Cancerous
PR-vsOIl2,2.0,39,2,ACH-001679,U2973,Lymphoid,Mature B-Cell Neoplasms
PR-vuRAsN,2.0,39,0,ACH-000597,TTC709,Soft Tissue,Rhabdoid Cancer
PR-vxER4h,4.0,39,25,ACH-000875,NCIH2347,Lung,Non-Small Cell Lung Cancer
PR-w17BEw,3.0,39,19,ACH-001065,EVSAT,Breast,Invasive Breast Carcinoma
PR-w2evP5,3.0,39,23,ACH-000467,HCC56,Bowel,Colorectal Adenocarcinoma
PR-w3ptEE,2.0,41,2,ACH-002060,MY,Myeloid,Acute Leukemias of Ambiguous Lineage
PR-w45aIp,4.0,41,5,ACH-001547,LO68,Pleura,Pleural Mesothelioma
PR-w4xKgb,4.0,39,22,ACH-001126,MOGGUVW,CNS/Brain,Diffuse Glioma
PR-w8gCeg,2.0,39,0,ACH-000275,HS834T,Fibroblast,Non-Cancerous
PR-w9FGAF,3.0,41,23,ACH-000637,KYSE520,Esophagus/Stomach,Esophageal Squamous Cell Carcinoma
PR-w9vaqz,3.0,41,20,ACH-000179,NCIH1618,Lung,Lung Neuroendocrine Tumor
PR-wCP4NG,3.0,40,21,ACH-001543,KOSC2,Head and Neck,Head and Neck Squamous Cell Carcinoma
PR-wCf7pr,2.0,39,4,ACH-001616,OCILY18,Lymphoid,Mature B-Cell Neoplasms
PR-wDOzJq,3.0,39,23,ACH-001556,MERO25,Pleura,Pleural Mesothelioma
PR-wHCEKi,2.0,39,16,ACH-000564,KHM1B,Lymphoid,Mature B-Cell Neoplasms
PR-wJ7MxM,2.0,41,7,ACH-000645,JL1,Pleura,Pleural Mesothelioma
PR-wKsgIY,3.0,39,20,ACH-000593,BC3C,Bladder/Urinary Tract,Bladder Urothelial Carcinoma
PR-wMUliU,3.0,41,22,ACH-002782,NCCUPS1C1,Soft Tissue,Undifferentiated Pleomorphic Sarcoma/Malignant Fibrous Histiocytoma/High-Grade Spindle Cell Sarcoma
PR-wNBi2F,4.0,41,28,ACH-002038,HSKTC,Ovary/Fallopian Tube,"Ovarian Cancer, Other"
PR-wTKq7j,5.0,41,27,ACH-000361,SKHEP1,Liver,Hepatocellular Carcinoma
PR-wUsoa9,3.0,39,21,ACH-002182,OVCA433,Ovary/Fallopian Tube,Ovarian Epithelial Tumor
PR-wXb2sj,3.0,42,28,ACH-000159,OSRC2,Kidney,Renal Cell Carcinoma
PR-waV5HO,2.0,41,10,ACH-000365,SUDHL4,Lymphoid,Mature B-Cell Neoplasms
PR-wcXD7g,2.0,40,1,ACH-002790,NCCSS2C1,Soft Tissue,Synovial Sarcoma
PR-whKOqh,2.0,39,16,ACH-000808,HUH28,Biliary Tract,Intraductal Papillary Neoplasm of the Bile Duct
PR-wm23sm,2.0,41,10,ACH-001562,MERO95,Pleura,Pleural Mesothelioma
PR-wmFTQZ,3.0,41,20,ACH-002021,T3M3,Uterus,Gestational Trophoblastic Disease
PR-wnGSlU,2.0,39,17,ACH-002119,EW7,Bone,Ewing Sarcoma
PR-wtAgZH,3.0,41,20,ACH-000483,SNU182,Liver,Hepatocellular Carcinoma
PR-wwQB7j,2.0,39,0,ACH-000687,CI1,Lymphoid,Non-Hodgkin Lymphoma
PR-wyYRyw,4.0,41,22,ACH-000859,HCC1954,Breast,Breast Ductal Carcinoma In Situ
PR-x05CZT,2.0,41,5,ACH-000113,OCIAML2,Myeloid,Acute Myeloid Leukemia
PR-x3dWKC,2.0,39,6,ACH-000814,HS939T,Skin,Melanoma
PR-x8Nct7,2.0,39,13,ACH-001632,PEO4,Ovary/Fallopian Tube,Ovarian Epithelial Tumor
PR-xCLW2a,2.0,39,21,ACH-002337,JHU028,Lung,Non-Small Cell Lung Cancer
PR-xCyXtz,3.0,41,24,ACH-000022,PATU8988S,Pancreas,Pancreatic Adenocarcinoma
PR-xEIrBG,3.0,41,27,ACH-000374,HCC1143,Breast,Invasive Breast Carcinoma
PR-xEjg3t,4.0,39,21,ACH-000058,ML1,Thyroid,Well-Differentiated Thyroid Cancer
PR-xIcKv7,3.0,42,21,ACH-001622,ONDA7,CNS/Brain,Diffuse Glioma
PR-xKMlp1,2.0,39,8,ACH-000176,LOUNH91,Lung,Non-Small Cell Lung Cancer
PR-xLaSFy,3.0,39,19,ACH-000294,NB4,Myeloid,Acute Myeloid Leukemia
PR-xMfdhk,4.0,39,12,ACH-000754,L428,Lymphoid,Hodgkin Lymphoma
PR-xQBHhh,2.0,39,15,ACH-000537,SNU761,Liver,Hepatocellular Carcinoma
PR-xcjpPu,4.0,41,28,ACH-000620,JHH1,Liver,Hepatocellular Carcinoma
PR-xfBhbF,3.0,41,24,ACH-002650,ETCC016,Lung,Non-Small Cell Lung Cancer
PR-xftxYA,3.0,42,29,ACH-000572,G361,Skin,Melanoma
PR-xg6q2c,4.0,41,12,ACH-003308,THLE3,,Non-Cancerous
PR-xgyQRo,4.0,41,23,ACH-000360,NCIH508,Bowel,Colorectal Adenocarcinoma
PR-xnmF4E,3.0,39,26,ACH-002313,TK,Lymphoid,Non-Hodgkin Lymphoma
PR-xpRCE9,3.0,39,24,ACH-000775,NCIH727,Lung,Lung Neuroendocrine Tumor
PR-xpWLRd,4.0,39,15,ACH-002134,H2818,Pleura,Pleural Mesothelioma
PR-xqcEF4,2.0,41,12,ACH-002535,SNU254,Bowel,Colorectal Adenocarcinoma
PR-xty2b8,4.0,42,30,ACH-000251,NCIH2887,Lung,Non-Small Cell Lung Cancer
PR-xyiBD5,3.0,41,24,ACH-002084,MMAC,Skin,Melanoma
PR-y1k7Ve,2.0,39,4,ACH-000167,KE97,Lymphoid,Mature B-Cell Neoplasms
PR-y29pOB,4.0,39,14,ACH-001496,ESO26,Esophagus/Stomach,Esophagogastric Adenocarcinoma
PR-y3WQWw,3.0,41,21,ACH-002710,MPNST724,Peripheral Nervous System,Nerve Sheath Tumor
PR-y3wle9,4.0,39,16,ACH-002111,EW11,Bone,Ewing Sarcoma
PR-y7DmB5,4.0,41,23,ACH-000505,RKN,Soft Tissue,Leiomyosarcoma
PR-y8SruX,4.0,39,16,ACH-000384,SW780,Bladder/Urinary Tract,Bladder Urothelial Carcinoma
PR-yBALA0,4.0,39,26,ACH-002268,LN405,CNS/Brain,Diffuse Glioma
PR-yBAw2p,3.0,39,25,ACH-000339,HCC461,Lung,Non-Small Cell Lung Cancer
PR-yEZYvr,3.0,41,23,ACH-000334,DB,Lymphoid,Mature B-Cell Neoplasms
PR-yPBjRa,3.0,41,20,ACH-000217,JHH6,Liver,Hepatocellular Carcinoma
PR-yPh1Ou,5.0,41,26,ACH-000541,KMS34,Lymphoid,Mature B-Cell Neoplasms
PR-yQJScO,3.0,42,20,ACH-002675,SH2,Myeloid,Acute Myeloid Leukemia
PR-yQKg9I,3.0,41,24,ACH-001972,MM473,Skin,Melanoma
PR-yQcBwB,3.0,41,16,ACH-000253,COLO201,Bowel,Colorectal Adenocarcinoma
PR-yVIatm,3.0,39,23,ACH-002387,M1203273,Skin,Melanoma
PR-yX1uS6,3.0,39,19,ACH-000834,UMUC1,Bladder/Urinary Tract,Bladder Urothelial Carcinoma
PR-yZCCrM,2.0,39,0,ACH-000135,HS940T,Fibroblast,Non-Cancerous
PR-yZwrBZ,4.0,39,24,ACH-001796,95T1000,Soft Tissue,Liposarcoma
PR-yb94mw,3.0,39,26,ACH-001403,TO14,Ovary/Fallopian Tube,Ovarian Epithelial Tumor
PR-yg65fA,3.0,39,19,ACH-000011,253J,Bladder/Urinary Tract,Bladder Urothelial Carcinoma
PR-ygFawj,3.0,39,22,ACH-000570,YKG1,CNS/Brain,Diffuse Glioma
PR-yil4Fa,3.0,39,23,ACH-000650,IGR37,Skin,Melanoma
PR-ylCfEa,2.0,41,2,ACH-001119,MAC2A,Lymphoid,Mature T and NK Neoplasms
PR-ylNx7D,2.0,39,17,ACH-000430,TYKNU,Ovary/Fallopian Tube,Ovarian Epithelial Tumor
PR-ymF7Fs,4.0,39,6,ACH-001559,MERO82,Pleura,Pleural Mesothelioma
PR-ymhriY,2.0,39,9,ACH-001554,MEL202,Eye,Ocular Melanoma
PR-ypI3pl,2.0,39,3,ACH-000069,HS611T,Lymphoid,Hodgkin Lymphoma
PR-yyBP8Q,4.0,39,15,ACH-000755,HCC2218,Breast,Breast Ductal Carcinoma In Situ
PR-yyBW7y,3.0,41,22,ACH-000235,PANC0403,Pancreas,Pancreatic Adenocarcinoma
PR-z1ZBpL,2.0,39,4,ACH-001452,BONNA12,Lymphoid,Mature B-Cell Neoplasms
PR-z5WBjK,3.0,39,27,ACH-002144,ISTSL1,Lung,Lung Neuroendocrine Tumor
PR-z6pIpO,4.0,42,20,ACH-000968,COLO792,Skin,Melanoma
PR-zB9Zze,3.0,41,26,ACH-000608,COV644,Ovary/Fallopian Tube,Ovarian Epithelial Tumor
PR-zGaxVZ,3.0,39,23,ACH-002295,PCI30,Head and Neck,Head and Neck Squamous Cell Carcinoma
PR-zL9R8E,3.0,42,26,ACH-000532,SNU61,Bowel,Colorectal Adenocarcinoma
PR-zMVPxL,2.0,41,12,ACH-000416,NCIH838,Lung,Non-Small Cell Lung Cancer
PR-zRvFdj,2.0,42,8,ACH-002522,SNU2292,Lung,Non-Small Cell Lung Cancer
PR-zW4f56,3.0,39,16,ACH-002336,HCET,Eye,Non-Cancerous
PR-zWwfjk,3.0,42,28,ACH-000644,COLO829,Skin,Melanoma
PR-zWyHnl,2.0,39,17,ACH-001653,SKGT2,Esophagus/Stomach,Esophagogastric Adenocarcinoma
PR-za3nFW,3.0,39,21,ACH-000553,SQ1,Lung,Non-Small Cell Lung Cancer
PR-zcbVpz,3.0,41,22,ACH-002543,SNU1406,Bowel,Colorectal Adenocarcinoma
PR-zfFP2G,2.0,41,8,ACH-001987,NZM43,Skin,Melanoma
PR-zjofuM,4.0,41,29,ACH-000150,HCC2935,Lung,Non-Small Cell Lung Cancer
PR-zlHHKA,2.0,42,26,ACH-001436,1411H,Testis,Non-Seminomatous Germ Cell Tumor
PR-zqnXiv,4.0,39,17,ACH-001552,MCC26,Skin,Merkel Cell Carcinoma
PR-zrjzDr,2.0,41,7,ACH-001642,SCC3,Lymphoid,Non-Hodgkin Lymphoma
PR-zy5agd,2.0,41,13,ACH-000166,KASUMI6,Myeloid,Acute Myeloid Leukemia
PR-zyM15A,4.0,39,24,ACH-000796,MCAS,Ovary/Fallopian Tube,Ovarian Epithelial Tumor
